№ в меню,ID версии,Статус,Коротко,Что сделано / зачем нужна,Core,Engine,GUI,Portal,Режимы,Проверка,Важные примечания,Следующий шаг,Обновлено
1,2026-08-25-1221,"АКТИВНЫЙ текущий полный комплект; единственная версия в websplit-меню; локально активирован; Google Drive latest","Упрощённая групповая таблица без дублирующих строк и подписей назначения","На странице Portal → Group удалены бесполезные или дублирующие строки RS485 online, Current role и Optic sensor. Наличие устройства уже определяется действующей RS485-группой, а состояние оптики показывает цветная строка State optic. Role assignment стала единственной строкой роли: у локального устройства сохраняется редактируемый Master/Slave, у соседних устройств выводится их текущая роль текстом, аналогично отображению соседнего RS485 ID. В Role assignment и RS485 ID удалены дублирующие подписи Assigned: Master/Slave и Assigned: NN; после успешного локального изменения показывается только короткое Saved. Быстрая DC-компенсация и полноширинная легенда из 1153 сохранены без изменений. После проверки и атомарной активации исходная пара и bundle 1153 удалены из рабочей копии; в меню оставлен один комплект.","host/BMI30.001.py.2026-08-25-1221; DEFAULT_ENGINE_FILE указывает на парный engine; функционально унаследован от 1153","host/BMI30.200.py.2026-08-25-1221; детектор и аппаратные выходы функционально унаследованы без изменений","host/BMI30.GUI.001.py; функциональных изменений нет","hotspot_info_server.py; удалены group rows role/optic/online; syncctl показывает select только локально и текущую Master/Slave роль у соседей; удалены group-role-assigned и все UI-подписи Assigned:","Portal → Group → таблица устройств; роли Master/Slave; RS485 ID; State optic; остальные режимы без алгоритмических изменений","py_compile Portal PASS; целевой lightning/portal test 4/4 PASS; unittest discover tests 105/105 PASS; bundle validate и SHA256SUMS PASS; атомарная активация PASS; единственный пункт меню 1221 active; SHA-256 Portal 67999a91c90a66e96483a1eb39e37343a6cb4f9a050bdf6ab361554c93e93842 одинаков для source, bundle, active runtime и /usr/local/bin; службы core и portal active","Редактирование Role assignment и RS485 ID намеренно доступно только в колонке собственного устройства. Соседние колонки показывают фактическую роль и ID без элементов управления. Backend-сообщения об ошибке назначения сохранены, но успешное состояние в таблице сокращено до Saved.","Полностью перезагрузить Portal → Group и визуально подтвердить компактную таблицу: одна строка Role assignment, одна State optic, без RS485 online/Current role/Optic sensor и без Assigned:; дальнейшие правки вести в паре 2026-08-25-1221.",2026-08-25
2,2026-08-25-1153,"ПРЕДЫДУЩИЙ завершённый полный комплект; заменён 1221; исходная пара и bundle удалены после активации 1221","Рабочая версия дня: быстрая DC-молния и легенда состояний оптического датчика на полной ширине","Продолжение текущей рабочей версии 1121 после визуальной проверки Group. Найдена точная причина преждевременного переноса информационной легенды над таблицей устройств: элемент group-legend является абзацем и наследовал общее ограничение p max-width:34rem, поэтому занимал только около 544 px при наличии свободного места справа. Для этой легенды установлены width:100% и max-width:none; flex-wrap:wrap сохранён, поэтому четыре состояния идут одной строкой при достаточной фактической ширине и переносятся только на узком контейнере. Быстрая DC-компенсация из 1121 сохранена без изменений. После проверки и атомарной активации предыдущая исходная пара и bundle 1121 удалены из рабочей копии; в меню оставлен один текущий комплект.","host/BMI30.001.py.2026-08-25-1153; DEFAULT_ENGINE_FILE указывает на парный engine; логика lightning profile=startup и force унаследована из 1121 без изменений","host/BMI30.200.py.2026-08-25-1153; алгоритм детектора и аппаратные выходы функционально унаследованы без изменений","host/BMI30.GUI.001.py; функциональных изменений нет","hotspot_info_server.py; #panel-group .group-legend переопределяет унаследованный предел абзаца через width:100%;max-width:none; source, bundle, active runtime и /usr/local/bin совпадают по SHA-256","Portal → Group → информационная легенда состояний оптического датчика над таблицей устройств; режим 5 и кнопка ⚡; рабочий режим 6; остальные режимы без алгоритмических изменений","py_compile Portal PASS; целевой lightning/portal test 3/3 PASS; unittest discover tests 104/104 PASS; bundle validate и SHA256SUMS PASS; атомарная активация PASS; единственный пункт меню 1153 active; SHA-256 Portal e2b2a1970387b12e342f7321d9edd4f10116687d30d843495fa17a0695c13702 одинаков для source, bundle, active runtime и установленного /usr/local/bin; службы core и portal active","Изменение исправляет именно информационное сообщение состояний оптического датчика над таблицей, а не отдельный блок Current/Target/State. Для уже открытой вкладки браузера может потребоваться полная перезагрузка страницы, чтобы получить новый HTML/CSS.","Заменён версией 2026-08-25-1221; использовать и редактировать только 1221.",2026-08-25
3,2026-08-25-1121,"ПРЕДЫДУЩИЙ промежуточный полный комплект; заменён 1153; исходная пара и bundle удалены после активации 1153","Промежуточная версия дня: быстрая DC-молния и первичная CSS-правка Group","Создана нейтральная парная websplit-версия текущего дня из подтверждённого 2026-08-14-1702. Исправлена причина неработающей кнопки ⚡: запуск ошибочно применял профиль Work 20 с вместо Startup 1 с, а force игнорировался дедупликацией одинакового значения. Теперь операторское нажатие всегда отправляет свежий SET_DC_SPEED=1000 мс, держит быстрый режим до достижения 99% или заданного таймера и возвращает Work. В Portal отдельные элементы легенды Group и Current/Target/State LED сделаны цельными, но унаследованный предел ширины абзаца group-legend ещё не был снят; это исправлено в 1153. Удалены старые websplit snapshots и bundles; в меню оставлен только текущий комплект.","host/BMI30.001.py.2026-08-25-1121; DEFAULT_ENGINE_FILE указывает на парный engine; profile=startup для lightning; force обходит дедупликацию только для явной команды оператора","host/BMI30.200.py.2026-08-25-1121; алгоритм детектора и аппаратные выходы функционально унаследованы без изменений","host/BMI30.GUI.001.py; функциональных изменений для этого задания нет","hotspot_info_server.py; Group/LED flex layout one-line-first; source, bundle, active runtime и /usr/local/bin совпадают по SHA-256","Режим 5 и кнопка ⚡; возврат в Work; рабочий режим 6; Portal → Group → Group/LED statuses; все остальные режимы без алгоритмических изменений","py_compile Core/Engine/GUI/Portal PASS; unittest discover tests 104/104 PASS; bundle validate и SHA256SUMS PASS; source/bundle/runtime Core и source/bundle/runtime/installed Portal побайтно совпадают; службы core/portal active. Live API: STM32 connected, engine 2026-08-25-1121, mode 6, 200 Гц, detector worker alive. Аппаратный вызов ⚡ в mode 5 подтвердил SET_DC_SPEED startup=1000 мс, через 10 с штатный возврат Work=20000 мс; затем mode 6 восстановлен. Google Drive firmware archive bmi30_backup_20260825_113108.tar.gz и bmi30_latest.env загружены.","При live-тесте исходный DC уже был близко к центру: offset 16.62 counts; критерий относительного улучшения 99% на фоне шумового разброса не достигнут, поэтому завершение корректно произошло по таймеру с offset 28.365 counts. Это не отменяет подтверждённую отправку быстрого профиля 1000 мс. Git сохраняет старые отслеживаемые версии в истории для восстановления, но текущая рабочая копия и websplit-меню очищены.","Заменён версией 2026-08-25-1153; использовать и редактировать только 1153.",2026-08-25
4,2026-08-14-1702,"АКТИВНЫЙ завершённый полный комплект; локально активирован; cloud latest не изменён","Адресная лента синхронна со звуком только по своей детекции","Автоматические адресные Group LED patterns подключены к тем же фактическим фронтам аппаратного PWM, которые управляют зуммером и простым GPIO22. До физического старта звука локальное событие хранится как источник, но рисунок не отправляется; на PWM ON выбирается своя зона: upper=8, lower=9, both=12; на PWM OFF принудительно отправляется 0. Соседние upper/lower/both события пока подавлены независимо от продолжающегося звука. При переходе со своей детекции на соседнюю без паузы отправляется явный 0, чтобы STM32 не сохранил прежний локальный базовый рисунок. Ручной тест адресной ленты и аварийный pattern оставлены независимыми. Sound Test Upper/Lower использует те же рисунки для проверки полного выходного пути.","host/BMI30.001.py.2026-08-14-1702; DEFAULT_ENGINE_FILE указывает на парный engine; API добавляет led_sound_synchronized, led_sound_output_active и led_neighbor_detection_enabled=false","host/BMI30.200.py.2026-08-14-1702; общий callback физических hardware-PWM ON/OFF управляет GPIO22 и адресным pattern; local-only resolver и явный clear при neighbor transition","host/BMI30.GUI.001.py; без функциональных изменений","hotspot_info_server.py из полного bundle; без функциональных изменений","Режимы 6+; realtime detection; своя верхняя/нижняя/обе зоны; Sound Test Upper/Lower; optic gate; recovery; соседняя детекция для адресной ленты выключена","py_compile Core/Engine/tests PASS; целевой test_sound_light_synchronization 9/9 PASS; безопасный набор tests 101/101 PASS; bundle validate, SHA256SUMS и побайтное совпадение source/bundle PASS; атомарная активация PASS. Live аппаратный тест persist=false: по три ON-замера Upper дали sound=true, PWM sysfs=1, GPIO22 HIGH, commanded pattern=8; по три ON-замера Lower дали те же состояния и pattern=9; оба OFF дали sound=false, PWM=0, GPIO22 LOW, pattern=0. API подтверждает led_neighbor_detection_enabled=false. Unit-переход local upper → neighbor дал команды 8 → 0, neighbor upper/lower/both с нулевого состояния не отправляют рисунок.","Соседняя детекция намеренно не включает адресную ленту; настройка для неё ещё не реализована. STAT[98] показывает автономное эффективное состояние STM32 и в Sound Test без реального optic-bit может быть 0/255, поэтому аппаратный тест подтверждает синхронные host-команды, PWM и GPIO; окончательное визуальное подтверждение адресной ленты нужно сделать своей реальной меткой. Тестовый звук выключен, persist=false; сохранённый sound_enabled остался false. Cloud latest не публиковался.","Проверить своей реальной меткой верх, низ и одновременное срабатывание: лента должна визуально повторять длительность тона рисунками 8/9/12; соседняя метка не должна включать эту ленту. Позже добавить отдельную настройку реакции адресной ленты на соседнюю детекцию.",2026-08-14
5,2026-08-14-1657,"ПРОМЕЖУТОЧНЫЙ полный комплект; кратко локально активировался; заменён 1702; не использовать как рабочий","Соседняя адресная детекция выключена","После уточнения требования автоматические neighbor_upper/lower/both patterns отключены, а API стал явно сообщать led_neighbor_detection_enabled=false. Своя детекция и Sound Test продолжили выбирать upper=8, lower=9, both=12 по фронту звука. В этой промежуточной реализации ещё не было явного сброса сохранённого локального base pattern при редком переходе local → neighbor без паузы звука; это закрыто в 1702.","host/BMI30.001.py.2026-08-14-1657; парный engine и API-флаг neighbor=false","host/BMI30.200.py.2026-08-14-1657; local-only resolver без финального stale-base clear","host/BMI30.GUI.001.py; без изменений","hotspot_info_server.py; без изменений","Режимы 6+; local detection; Sound Test; neighbor addressable output disabled","py_compile PASS; целевые тесты 9/9 PASS; безопасный tests 101/101 PASS; bundle validate и активация PASS. Live Upper: sound/PWM/GPIO22 ON, commanded pattern=8; OFF=0. Live Lower: commanded pattern=9; OFF=0; API neighbor=false.","Промежуточная версия сохранена для истории. Не выбирать вместо 1702: там добавлена явная команда 0 при local → neighbor transition.","Использовать 2026-08-14-1702.",2026-08-14
6,2026-08-14-1652,"ПРОМЕЖУТОЧНЫЙ полный комплект; кратко локально активировался; заменён после уточнения; не использовать как рабочий","Первый вариант синхронизации адресных рисунков со звуком","Впервые автоматические адресные patterns были переведены с раннего detector HOLD на фактические фронты hardware PWM и добавлены upper/lower/both, Sound Test, manual/fault исключения. Первоначально также сохранялись neighbor mappings 4/5/6, что не соответствует последующему уточнению пользователя о работе только от своей детекции; поэтому версия заменена 1657/1702.","host/BMI30.001.py.2026-08-14-1652; парный engine и поля синхронизации LED","host/BMI30.200.py.2026-08-14-1652; общий PWM callback для GPIO22 и адресного pattern; neighbor mapping ещё разрешён","host/BMI30.GUI.001.py; без изменений","hotspot_info_server.py; без изменений","Режимы 6+; local и neighbor detection; Sound Test; recovery","py_compile PASS; целевые тесты 9/9 PASS; безопасный tests 101/101 PASS; полный bundle создан, проверен и кратко активирован; аппаратный тест не выполнялся до уточнения local-only.","Не соответствует окончательному требованию: соседняя детекция могла выбрать pattern 4/5/6. Сохранена только как промежуточная точка истории; cloud latest не менялся.","Использовать 2026-08-14-1702.",2026-08-14
7,2026-08-14-1638,"ПРЕДЫДУЩИЙ завершённый полный комплект; заменён 1702; cloud latest не изменён","Синхронная звуковая и световая индикация","Устранена рассинхронизация простого светового индикатора GPIO22 со звуком. Раньше LED включался сразу по detector HOLD, а аппаратный PWM запускался только после фильтра Minimum tone cycles и мог продолжаться до Minimum sound, поэтому фронты не совпадали. Теперь PwmBeeper сообщает реальные аппаратные переходы PWM ON/OFF, и тот же переход напрямую управляет GPIO22. Свет повторяет старт, остановку и паузы фактического звука; ручной LED Test и разрешение LED сохранены. Запись GPIO защищена RLock для PWM-потока, GUI и recovery. Удалён несуществующий старый таймерный вызов _mark_gpio22_sound; detector HOLD больше не включает GPIO22 самостоятельно, а периодическая сверка восстанавливает состояние из физического PWM.","host/BMI30.001.py.2026-08-14-1638; DEFAULT_ENGINE_FILE переведён на парный engine; API и алгоритм без иных изменений","host/BMI30.200.py.2026-08-14-1638; callback физических фронтов hardware PWM → GPIO22, потокобезопасная запись и API sound_output_active","host/BMI30.GUI.001.py; без функциональных изменений","hotspot_info_server.py из bundle 2026-08-14-1512; без функциональных изменений","Режимы 6+; realtime detection; Sound Test Upper/Lower; локальная и соседняя optic gate; recovery; простая неадресная LED-лента GPIO22","py_compile Core/Engine/GUI/Portal PASS; целевые detector/recovery/sync тесты 55/55 PASS; безопасный набор tests 97/97 PASS; bundle validate и SHA256SUMS PASS; исходник, bundle и active runtime Core/Engine побайтно совпадают. Атомарная активация PASS; bmi30-core и Portal active. Live аппаратный тест без сохранения настроек: при четырёх ON-замерах sound.output_active=true, pwm sysfs=1, LED API=1 и GPIO22 HIGH; после OFF при трёх замерах sound=false, pwm sysfs=0, LED API=0 и GPIO22 LOW.","Синхронизирован простой неадресный индикатор Detection LED strip на GPIO22. Адресные Group LED patterns остаются отдельной функцией STM32 и не менялись. Полный pytest из корня не является безопасным suite: он собирает старые исполняемые USB-тесты и backup-дубликаты; использовать каталог tests. Тестовый звук включался с persist=false и выключен; сохранённая настройка sound_enabled осталась false.","Проверить на реальной метке при включённом Sound и разрешающем optic gate, что LED визуально начинается и заканчивается вместе с тоном; затем при необходимости опубликовать bundle 2026-08-14-1638 в cloud latest для остальных приборов.",2026-08-14
8,2026-08-14-1512,"ПРЕДЫДУЩИЙ завершённый полный комплект; заменён 1638; облачный тест обновления и отката не выполнен","Цвета реакции фотодатчиков и сбалансированная страница входа","Индикация Group Mode разделена по реакции текущего устройства: синий — сработал свой фотодатчик, но Own optic → sound/LED/relay выключен; зелёный — сработал свой датчик и реакция включена; жёлтый — активна реакция на выбранного соседа. При одновременном срабатывании свой датчик имеет приоритет. Цвет каждого соседа строится по его собственным настройкам реакции. На публичной странице входа карточки равномерно заполняют ширину, размеры текста адаптивны, Connected Groups удалён. Отображаемый STM32 ID сокращён до 9 hex-символов.","Core из bundle 2026-08-12-1821; алгоритм и API без изменений","Engine из bundle 2026-08-12-1821; детектор и фиксированные 200 Гц без изменений","host/BMI30.GUI.001.py; без функциональных изменений","hotspot_info_server.py; логика цветов фотодатчика, LAN-обмен настройками реакции, приоритет своего датчика, адаптивный login layout без Connected Groups","Group Mode; Portal; публичная страница входа; облачное обновление/откат","py_compile Portal PASS; cloud-agent/version-menu unittest 12/12 PASS; bash -n updater/rollback/switcher PASS; bundle validate PASS; SHA256 Portal в исходнике, bundle, active runtime и /usr/local/bin совпадает: 784d8c4b933c42dd9b130375f64f5ca590c0dc23fdf855d7c18684c139431dd0","Bundle наследует неизменённые Core/Engine/GUI из 2026-08-12-1821; версия отличается по полному bundle ID и новому Portal. Перед публикацией нужно проверить облачный marker и полный цикл A → N → A.","Опубликовать N в cloud latest; активировать старую A; проверить Update A → N, Rollback N → A и вернуть прибор на N.",2026-08-14
9,2026-08-12-1821,"АКТИВНЫЙ завершённый полный комплект; локально активирован; Agent 0.2.4 подготовлен для остальных Raspberry; cloud latest не изменён","Портал под префиксом Hub и реальный ID каждой Raspberry","Выполнено исправленное задание RASPBERRY_BMI30_ADAPTATION_RU. Все внутренние ссылки, формы, API-запросы и редиректы портала переведены на относительные пути, поэтому они сохраняют префикс /bmi30/device/BMI30-<16_HEX>/ при серверном туннелировании. В Connected Groups удалены Role и This device, сохранены Device/Name/State/Last connection и группы M10/S03/S04/S07; loopback скрыт, уникальный Wi-Fi IP показывается первым. BMI30 Agent 0.2.4 больше не читает DEVICE_ID из сохранённого config.json: на каждом запуске ID вычисляется только из реального Raspberry CPU Serial. При обнаружении скопированных ключей Agent останавливает туннель, архивирует старые credentials, создаёт новый Ed25519 key/token, удаляет старое назначение порта и выполняет повторную регистрацию реального устройства.","host/BMI30.001.py.2026-08-12-1821; парный DEFAULT_ENGINE_FILE; функционально наследует 1626","host/BMI30.200.py.2026-08-12-1821; алгоритм и фиксированные 200 Гц без изменений","host/BMI30.GUI.001.py; без функциональных изменений","hotspot_info_server.py; относительные маршруты Hub, обновлённая Connected Groups и приоритет Wi-Fi; runtime и /usr/local/bin синхронизированы","Все режимы; Portal/API через Hub; Agent check-in и reverse SSH tunnel; копирование системной флешки между Raspberry","Portal unittest 9/9 PASS; Agent unittest 13/13 PASS, включая cloned-flash rotation; py_compile, bash -n, systemd-analyze, ZIP integrity и bundle validate PASS. SHA256 исходника Portal, bundle, active runtime и установленной службы совпадает. Live redirect под proxy-заголовками: Location=login?v=2026-08-12-1821 без начального slash. На текущей Raspberry реальный CPU Serial 30d4ed77aa5ced27, Hub ID BMI30-30D4ED77AA5CED27, уникальный tunnel port 22352; agent/tunnel/core/portal active, agent/tunnel enabled.","Номер не хранится в config.json и не переносится как источник истины. Комментарий публичного SSH-ключа содержит ожидаемый ID только для проверки соответствия железу; при несовпадении ключ автоматически заменяется. Старые credentials сохраняются в root-only backup для диагностики. Прямой внешний порт Hub может быть закрыт firewall и используется внутренним proxy.","Установить BMI30_Agent_0.2.3.zip на остальные Raspberry или включить его в следующий образ; после первого check-in одобрить новые реальные ID на Hub. При необходимости отдельно опубликовать полный firmware bundle 1821 как cloud latest.",2026-08-12
10,2026-08-12-1626,ПРЕДЫДУЩИЙ завершённый полный комплект; заменён 1821; cloud latest не изменён,Фиксированные 200 Гц без переключателя частоты,"Диагностирована причина подозрительных FPS U/L 20.0/20.0: в постоянной конфигурации сохранилось desired_freq=250, поэтому при avg_n=24 фактическая частота составляла примерно (250×2)/24=20.83 кадра/с вместо штатных (200×2)/24=16.67. Работающая STM32 немедленно переведена на 200 Гц штатной командой SET_BUF_RATE_FINE. Частота теперь является жёстким аппаратным контрактом: Engine всегда загружает и сохраняет профиль 1 и 200 Гц, команды запуска/recovery повторно применяют 200 Гц, а обработчик смены частоты игнорирует входное значение и восстанавливает 200. В Core Oscilloscope и отдельном Remote GUI удалены переключатели частоты. Core API разрешает только подтверждение 200 Гц и отклоняет любое другое значение.","host/BMI30.001.py.2026-08-12-1626; парный DEFAULT_ENGINE_FILE; удалены freqSel/sendFreq; API frequency отклоняет значения не 200","host/BMI30.200.py.2026-08-12-1626; FIXED_BUFFER_RATE_HZ=200; фиксированные profile 1/load/save/start/recovery/live apply; Qt selector удалён","host/BMI30.GUI.001.py; переключатель и callback частоты удалены; статус продолжает показывать фактические 200 Hz",hotspot_info_server.py; без функциональных изменений,"Все режимы потока; особенно AVG_ROI режимы 5/6 при avg_n=24; Core Oscilloscope; Remote GUI; startup/reconnect/recovery","До исправления live API: desired/freq=250 и FPS около 20; после немедленной команды 200 получено 16.6197/16.6197. py_compile Core/Engine/GUI PASS; unittest discover 76/76 PASS; bundle validate и SHA256SUMS PASS; атомарная активация PASS. После полного restart live API: engine 1626, connected=true, mode=6, stream_mode=2, base_buf_len=200, freq_hz=200, desired_freq=200, avg_n=24, FPS=16.6535/16.6535; seq_gap=0/0, seq_dup=0/0, crc_bad=0, magic_bad=0, очереди пусты, worker alive и overflows=0. Live HTML не содержит freqSel/sendFreq; запрос 250 возвращает ok=false с fixed-at-200 ошибкой.","Индикатор FPS рассчитывается короткими примерно секундными окнами и может кратковременно колебаться около 16.6; контракт задаётся именно SET_BUF_RATE_FINE=200, а не округлённым показанием страницы. STM32 firmware 1.2.37 и алгоритм детектора не менялись. Cloud firmware latest не публиковался.","Обновить Core Oscilloscope без кэша и убедиться, что переключателя частоты нет, строка буфера показывает 200 Hz, а FPS U/L стабилизируется около 16.6/16.6; на остальных приборах устанавливать только полный bundle 1626.",2026-08-12
11,2026-08-12-1437,ПРЕДЫДУЩИЙ завершённый полный комплект; заменён 1626; cloud latest не изменён,Версии Hub и Connected Groups,"Выполнено обновлённое задание RASPBERRY_BMI30_ADAPTATION_RU. Публичный /api/status получил однозначные raspberry_firmware_version и stm32_firmware_version, а также version_sources. Версия STM32 берётся только из реального события протокола EVT1 типа 0x00 fw_info; текущая 1.2.37. Добавлены стабильные groups/groups_error из существующего USB/event-cache без второго источника: текущая RS485-группа M10/S03/S04/S07 с ролями, online и last_seen_at. На публичной корневой странице до авторизации добавлена серверная карточка Connected Groups с состояниями No connected groups и отдельной ошибкой cache. BMI30 Agent обновлён до 0.2.2: agent_version передаёт websplit Raspberry, firmware_version — STM32, connector_version — версию агента. Интерактивное меню сокращено до комплектов текущего месяца и Exit; служебные действия удалены из меню, архив не удалён. Переходы между архитектурами защищены: mono останавливает и проверяет Core/Portal split перед запуском, а split штатно завершает mono перед активацией; при ошибке остановки запуск отменяется, agent/tunnel не затрагиваются.","host/BMI30.001.py.2026-08-12-1437; функционально наследует 1344; DEFAULT_ENGINE_FILE указывает на парный engine","host/BMI30.200.py.2026-08-12-1437; функционально наследует 1344; алгоритм детектора без изменений",host/BMI30.GUI.001.py; без функциональных изменений,"hotspot_info_server.py; публичные версии Raspberry/STM32, groups/groups_error и Connected Groups; установленная runtime-копия входит в bundle","Все режимы; Portal/API/Hub check-in; Group Mode; websplit version menu","py_compile и bash -n PASS; основной unittest 73/73 PASS; BMI30 Agent unittest 11/11 PASS; architecture-switch/menu tests 4/4 PASS; bundle validate/SHA256SUMS PASS; атомарная активация PASS; локальный /api/status: Raspberry 2026-08-12-1437, STM32 1.2.37, группа M10/S03/S04/S07; root HTML содержит Connected Groups и всех участников; ручной и systemd check-in Hub approved; bmi30-agent и bmi30-tunnel active/enabled; engine connected, mode 6, worker alive, overflows 0.","BMI30 Agent 0.2.2 установлен отдельно в /opt; архивы BMI30_Agent_0.2.2.zip созданы. BMI20 не изменялся. Туннель не перезапускался и сохранил порт 26395. Автоматическое открытие device-specific Hub URL заблокировано политикой среды, обход не выполнялся. Backup: backups/bmi30-adaptation-before-20260812_143029. Cloud firmware latest не публиковался.","Вручную открыть устройство в Hub в новой вкладке и проверить Raspberry 2026-08-12-1437, STM32 1.2.37 и карточку Connected Groups; при необходимости опубликовать cloud latest отдельно.",2026-08-12
12,2026-08-12-1344,ПРЕДЫДУЩИЙ завершённый полный комплект; заменён 1437; cloud latest не изменён,Зафиксированная строка AutoFreeze и целые уровни,"Строка фактических условий FIRE в AutoFreeze теперь привязана к принятому snapshot: DOM и замороженный кадр не перерисовываются каждые 500 мс из-за изменения текущего шума или порога. Значение меняется только при новом FIRE/snapshot или сбросе AutoFreeze. Амплитуды, максимумы, шум, пороги, позиции, длительность окна и счётчики показываются целыми. Дробным остаётся только отношение S/N, не более двух знаков. В описаниях детектора исключена экспоненциальная запись. Английские current-state подсказки через 2 секунды и общая нормализация цепочки подтверждений сохранены.","host/BMI30.001.py.2026-08-12-1344; stable-key cache для AutoFreeze readout; live detector changes redraw only in live mode; integer detector level formatter; DEFAULT_ENGINE_FILE указывает на парный engine","host/BMI30.200.py.2026-08-12-1344; функционально идентичен 1321, snapshot и алгоритм детектора без изменений",host/BMI30.GUI.001.py; без функциональных изменений,hotspot_info_server.py; без функциональных изменений,"Mode 6 realtime detection; AutoFreeze; Core Oscilloscope; оба канала","py_compile PASS; regression unittest 59/59 PASS; bundle validate/SHA256SUMS PASS; атомарная активация PASS; live HTML 181059 bytes содержит scopeReadoutKeys, detectorLevelNumber и detectorRatioText; live API: engine 1344, connected=true, mode=6, detector active=true, worker alive=true, overflows=0.","Панель общего статуса может продолжать обновляться раз в 500 мс; замороженная строка FIRE при неизменном snapshot не пересоздаётся. Cloud firmware latest не публиковался.","Обновить страницу Core Oscilloscope и проверить на следующем FIRE, что строка не меняется до нового snapshot, а дробная часть есть только у S/N.",2026-08-12
13,2026-08-12-1321,ПРЕДЫДУЩИЙ завершённый полный комплект; заменён 1344; cloud latest не изменён,Английские подсказки только о текущем поведении,"Все добавленные подсказки строки решения FIRE и общей нормализации AutoFreeze переведены на английский: FIRE/SYNC, AMP, S/Ninst, POS, CONF, FILTER и максимум замороженной формы. Текст сокращён до описания текущего назначения, условия, фактических значений и формулы. Удалены исторические пояснения о ранее показанных или исключённых показателях и формулировки вида not shown, not used here, no longer. Задержка появления отдельной подсказки остаётся 2 секунды. Алгоритм детектирования и общая нормализация цепочки подтверждений не менялись.","host/BMI30.001.py.2026-08-12-1321; English-only current-state tooltips; DEFAULT_ENGINE_FILE указывает на парный engine","host/BMI30.200.py.2026-08-12-1321; функционально идентичен 1221, snapshot и алгоритм детектора без изменений",host/BMI30.GUI.001.py; без функциональных изменений,hotspot_info_server.py; без функциональных изменений,"Режим 6 realtime detection; AutoFreeze; Core Oscilloscope; оба канала","py_compile PASS; regression unittest 58/58 PASS; отдельный тест запрещает кириллицу и исторические фразы в блоке новых readout/tooltips; bundle validate/SHA256SUMS PASS; атомарная активация PASS; live HTML 180396 bytes: decision_cyrillic=false, English FIRE=true, historical phrases=false, delay 2000 ms=true, shared-normalization help=true; live API: engine 1321, connected=true, mode=6, detector active=true, worker alive=true, overflows=0.","Изменён только пользовательский текст подсказок Core Oscilloscope. Существующие внутренние русские сообщения DC и комментарии исходного кода не относятся к этим подсказкам и не затрагивались. Cloud firmware latest не публиковался.",Обновить страницу Core Oscilloscope и проверить английские подсказки удержанием курсора над AMP/S/Ninst/POS/CONF в течение 2 секунд.,2026-08-12
14,2026-08-12-1221,ПРЕДЫДУЩИЙ завершённый полный комплект; заменён 1321; cloud latest не изменён,Общая нормализация цепочки AutoFreeze и понятные условия FIRE,"Исправлена нормализация AutoFreeze: раньше каждый product из цепочки Detection confirmations самостоятельно растягивался своим максимумом до 65535, из-за чего слабые и сильные подтверждения выглядели одинаковыми. Теперь все подтверждения одного канала используют единый максимум всей цепочки; относительные амплитуды сохраняются. Например, исходные максимумы 1000/2000/3000 отображаются как 21845/43690/65535. Пороговая линия пересчитывается через тот же общий масштаб. Также унаследована строка фактических условий FIRE: AMP максимум≥порог, мгновенный S/N>действующий коэффициент, позиция внутри gate, количество и полный фазовый размах подтверждений; усреднённый S/N удалён из решающих показателей. Каждый параметр имеет отдельную русскую подсказку после удержания курсора 2 секунды.","host/BMI30.001.py.2026-08-12-1221; единый normalization_peak для prod и всех prod_confirm каждого канала в JSON и binary API; normalization_scope=confirmation-group; пороговая линия использует normalization_display_max; раздельные tooltip-зоны FIRE","host/BMI30.200.py.2026-08-12-1221; snapshot экспортирует threshold_passed, instant_snr/required, peak_position_ok, confirm_count/required и shape verdict; алгоритм принятия решения не изменён",host/BMI30.GUI.001.py; без функциональных изменений,hotspot_info_server.py; без функциональных изменений,"Режим 6 realtime detection; AutoFreeze; Upper/Lower независимо; Core Oscilloscope JSON и binary frame transport","py_compile PASS; целевые и regression unittest 58/58 PASS; тест общей шкалы проверяет 1:2:3 как ≈21845:43690:65535 для JSON и возрастающие максимумы binary-массивов; bundle validate/SHA256SUMS PASS; атомарная активация PASS; live API: engine 1221, connected=true, mode=6, detector active=true, worker process alive, overflows=0; выдаваемый live HTML содержит AMP/S/Ninst/POS/CONF, задержку 2000 мс и confirmation-group normalization metadata; headless Firefox загрузил интерфейс; живой FIRE seq=2: четыре AutoFreeze-максимума 65534/56169/48961/55689 вместо четырёх 65535, normalization_peak=12905484 больше финального max=10966650; snapshot AMP PASS, S/Ninst 2.766>2.5, POS 60 PASS, CONF 4/4 и Δ16≤19 PASS.","Общий масштаб рассчитывается отдельно для цепочки Upper и отдельно для Lower, потому что каналы находятся на разных полотнах. Нормализация обычного live-графика без AutoFreeze остаётся покадровой. Получено реальное, но не специально сформированное событие с различными амплитудами подтверждений; общая шкала подтверждена live API. Cloud firmware latest не публиковался.","Использовать 1321 с английскими current-state подсказками; при необходимости вызвать AutoFreeze-событие и визуально подтвердить различную высоту наложенных подтверждений; при необходимости решить отдельно, нужна ли единая шкала не только внутри канала, но и одновременно между Upper и Lower.",2026-08-12
15,2026-08-12-1212,ПРЕДЫДУЩИЙ завершённый полный комплект; заменён 1221; cloud latest не изменён,Фактические условия детектирования и подсказки через 2 секунды,"Неоднозначная строка FIRE заменена фактическими разрешающими проверками. Вместо S/N(avg), который был только диагностическим средним и мог ошибочно восприниматься как порог, показаны AMP: максимум против рассчитанного порога, S/Ninst: мгновенное отношение принятого кадра против действующего коэффициента, POS: sample внутри разрешённого диапазона, CONF: число подтверждений и полный фазовый размах относительно gate. Каждый фрагмент является отдельной интерактивной зоной с русским описанием и формулой; общий механизм подсказок использует задержку 2000 мс.","host/BMI30.001.py.2026-08-12-1212-detector-decision-readout; отдельные DOM-фрагменты и tooltips AMP/S/Ninst/POS/CONF; DEFAULT_ENGINE_FILE парный","host/BMI30.200.py.2026-08-12-1212-detector-decision-readout; fire snapshot дополнен точными результатами проверок",host/BMI30.GUI.001.py; без функциональных изменений,hotspot_info_server.py; без функциональных изменений,"Режим 6 realtime detection и AutoFreeze; оба канала","py_compile PASS; regression unittest 58/58 PASS; snapshot-тесты точных полей PASS; полный bundle validate/SHA256SUMS PASS; атомарная активация PASS; live API после активации: connected=true, mode=6, detector active=true.","Алгоритм детектирования и настройки порогов не менялись. Эта версия всё ещё независимо нормализует каждый график подтверждения AutoFreeze, поэтому заменена 1221. Физическое FIRE для проверки новой строки не инициировалось. Cloud latest не менялся.",Использовать 1221 с общей нормализацией цепочки и теми же пояснениями FIRE.,2026-08-12
16,2026-08-11-2115,АКТИВНЫЙ завершённый полный комплект; локально активирован; live acceptance PASS; cloud latest не изменён,Изоляция детектора и разгрузка USB-потока,"Устранены найденные источники частых 6→5→6: realtime-вычисление детектора вынесено из Core в отдельный spawn-процесс с ограничением native math threads; USB-reader только неблокирующе ставит задания и меняет generation/token. Для worker добавлены READY/stop-ack, FIFO sentinel, bounded cleanup и restart backoff. API через 20 мс отдаёт кешированный busy/stale ответ вместо ожидания data_lock; браузер опрашивает status и frame последовательно раз в 500 мс. HOST_RX_ACK отправляется раз в 250 мс только при росте разобранных A/B кадров. Device-state JSON вынесен из RX-пути в coalescing writer 1–2 Гц. Portal кеширует nmcli/network snapshot на 15 с с single-flight обновлением. Fault включается только после подтверждённого recovery, а не на предварительной проверке.","host/BMI30.001.py.2026-08-11-2115; DEFAULT_ENGINE_FILE указывает на парный engine; неблокирующие status/frame API, кеш busy/stale, последовательный 500-ms Oscilloscope polling и тихая обработка BrokenPipe/ConnectionReset","host/BMI30.200.py.2026-08-11-2115; production detector backend=spawn process; generation/stream fencing; fail-closed submit/reset; bounded restart/stop; Confirmation phase gate и AutoFreeze confirmation-products сохранены",host/BMI30.GUI.001.py; без функциональных изменений,"hotspot_info_server.py; 15-секундный single-flight кеш network status с invalidation после изменений; установленная Portal-копия входит в bundle","Режим 6 realtime detection и AutoFreeze; восстановление 5→6; USB A/B и service traffic; Core API/Oscilloscope; Portal network status","py_compile и diff-check: PASS; unittest discover -s tests 66/66 PASS; 20 циклов full-queue/crash без FD/process/QueueFeederThread drift; bundle SHA256SUMS 117/117 PASS; runtime Core/Engine/runtime_support/usb_stream/Portal SHA совпадают; live soak 22:16:49–22:32:19, 930/930 API, mode 6/2 во всех отсчётах, transitions=0, connected непрерывно, max frame age 0.092 с, worker +36340 results без restart/overflow, все USB error delta=0, fault probe/recovery/LED07=0, PID 1207873 и NRestarts=0 стабильны.","Единственный стартовый USB reconnect и silent mode 5 в 22:12:35 был до baseline и относится к стартовой DC-компенсации. Главная причина частых переходов была не падением Core: под CPU/I/O pressure приостанавливался Bulk RX, после чего иногда не восстанавливался A/B publisher STM32. Хостовые причины starvation закрыты. Если при чистой нагрузке останется stm32_tx_stalled, потребуется отдельная правка firmware scheduler/ADC completion watchdog. Cloud firmware latest не публиковался.","Продолжить обычное полевое наблюдение. При повторении stm32_tx_stalled снять STAT/flags2/drop/force и исправлять STM32 publisher, не маскируя fault на хосте.",2026-08-11
17,2026-08-11-2024,ПРЕДЫДУЩИЙ экспериментальный полный комплект; live acceptance FAIL; заменён 2026-08-11-2115; cloud latest не изменён,Detector thread и STM32 optic gate без блокировки USB-reader,"Realtime detector был вынесен из USB-reader в отдельный in-process FIFO thread, synchronous fallback выключен, результаты привязаны к generation и stream token. LED-команды сериализованы; на обычном Detection falling edge базовый рисунок не сбрасывается в 0, потому что физический свет закрывает STM32 optic gate. Это убрало прежний sync-blocking и лишние LED pattern→0 пары, но Python thread всё ещё конкурировал за GIL, а блокирующие API/Portal и запись device-state оставались в горячих путях.","host/BMI30.001.py.2026-08-11-2024; API ещё использует блокирующий data_lock и частый параллельный browser polling","host/BMI30.200.py.2026-08-11-2024; in-process detector thread, FIFO/generation/stream fencing, serialized LED state и STM32 optic gate",host/BMI30.GUI.001.py; без функциональных изменений,hotspot_info_server.py без нового кеша nmcli/network status,"Режим 6 realtime detection/AutoFreeze; LED индикация; USB recovery с временным режимом 5; Core API","Bundle SHA256SUMS 117/117 PASS. Live 21:06–21:24: 7 остановок новых кадров; 5 host_bulk_lost возобновились в probe и recovery был отменён, 2 stm32_tx_stalled вызвали реальный 6→5→6; HOST_RX_ACK gaps 4.1–6.9 с. Core PID оставался прежним, NRestarts=0. Одновременно load 12–17, 0% idle, заполненный swap и BrokenPipe API-клиентов.","Версия доказала, что 5→6 — recovery после прекращения A/B кадров, а не падение Core. Thread недостаточно изолировал GIL; device-state записывался из RX примерно 15 раз/с, HTTP ждал data_lock, Portal часто запускал nmcli. flags2=0x9D91 показывал EP83 busy + service pending + A/B READY без INFLIGHT.","Использовать 2115; 2024 оставить как диагностическую точку thread против spawn-process. При повторе на 2115 проверять STM32 publisher/watchdog.",2026-08-11
18,2026-08-11-2012,ПРЕДЫДУЩИЙ экспериментальный полный комплект; live acceptance FAIL; заменён 2024/2115; cloud latest не изменён,Убраны LED resend loop и параллельные USB-open; безопасный sync detector,"STAT[98] признан фактическим автономным LED-состоянием, а не ACK базового рисунка, поэтому 0x3B больше не посылается каждые 0.4 с. Кеш выходов сбрасывается один раз на новую USB-сессию. Connect watchdog не запускает второй USBStream, пока прежний constructor держит интерфейс, что исключило overlapping open/EBUSY. Небезопасный multiprocessing fork после Qt/libusb/NumPy выключен по умолчанию, intended mode сохраняется через recovery.","host/BMI30.001.py.2026-08-11-2012; API сообщает фактический detector backend","host/BMI30.200.py.2026-08-11-2012; serialized USB opens, per-session output cache, без STAT-as-ACK resend; production default — synchronous detector",host/BMI30.GUI.001.py; без функциональных изменений,hotspot_info_server.py без функциональных изменений,"Режим 6 realtime detection; Confirmation phase gate; LED/DET; USB reconnect; intended-mode recovery","Bundle SHA256SUMS 51/51 PASS; live acceptance FAIL: повторяющиеся паузы потока и 6→5→6 сохранились. Последующее инструментирование подтвердило, что synchronous detector задерживает Bulk IN на несколько секунд.","Command storm и overlapping USB open исправлены и унаследованы, но sync-вычисление в USB-reader само создаёт starvation. Bundle создан без player_recordings, что не является причиной fault.","Не использовать как рабочую версию; для эксплуатации использовать 2115 со spawn-процессом.",2026-08-11
19,2026-08-11-1848,ПРЕДЫДУЩИЙ экспериментальный полный комплект; live acceptance FAIL; заменён 2012/2024/2115; cloud latest не изменён,Классификация A/B stall и управляемое восстановление режима 6,"Fault probe различает host_bulk_lost и stm32_tx_stalled по росту sent0/sent1, не считая STAT/EVT completions прогрессом A/B; u32 reset не принимается за рост. Probe привязан к stream и отменяет reconnect, если кадры вернулись. Host-reader восстанавливается напрямую, STM32 TX/ADC fault проходит через режим 5 и возвращается в intended mode. Старый reader не может отключить replacement stream. LED/DET recovery команды дедуплицированы; DC pre-fire quiet lease использует один cancelable timer.",host/BMI30.001.py.2026-08-11-1848,"host/BMI30.200.py.2026-08-11-1848; stream-bound fault probe, A/B-only classifier, resume cancellation, intended-mode restore и command dedup",host/BMI30.GUI.001.py; без функциональных изменений,hotspot_info_server.py без функциональных изменений,"Режим 6 detection/AutoFreeze; fault probe; USB reconnect; временный режим 5; LED/DET/DC recovery","Bundle SHA256SUMS 117/117 PASS; targeted regression для classifier, stream binding, resume cancellation, intended restore, command dedup и pre-fire timer. Live acceptance FAIL: recovery повторялись, detector multiprocessing worker после reconnect мог перестать выдавать результаты.","Production backend делал fork после запуска Qt/libusb/NumPy threads; наблюдалось зависание worker. Оставались STAT-as-ACK LED resend loop и риск параллельных USBStream constructors, устранённые в 2012.","Сохранить как первую диагностическую точку recovery; использовать унаследованные тесты, рабочую систему вести на 2115.",2026-08-11
20,2026-08-11-1831,"ПРЕДЫДУЩИЙ завершённый полный комплект; заменён диагностическими 1848/2012/2024 и активным 2115; cloud latest не изменён","Общее Confirmation phase gate для всей цепочки подтверждений","Confirmation phase gate больше не сравнивает каждый новый максимум только с предыдущим. Для всей непрерывной цепочки из количества срабатываний, заданного Detection confirmations, рассчитывается единый размах max(sample)-min(sample), и он должен быть не больше заданного gate. Если новый максимум выводит общий размах за окно, старая цепочка и связанные peaks/source sequences/product-осциллограммы сбрасываются, а текущий допустимый кандидат становится подтверждением №1 новой цепочки. При потере или рассинхронизации истории алгоритм также работает fail-closed и начинает цепочку заново. Одинаковая логика действует в основном FIFO worker, синхронном fallback и offline Player.","host/BMI30.001.py.2026-08-11-1831; DEFAULT_ENGINE_FILE указывает на парный engine; live и fire tooltips показывают full-chain span относительно gate","host/BMI30.200.py.2026-08-11-1831; _rt_detector_confirmation_step принимает полную историю максимумов; все три пути передают history; _det_note_confirmation_step сохраняет фактическую причину phase_window_reset","host/BMI30.GUI.001.py; без функциональных изменений","hotspot_info_server.py; описание Confirmation phase gate объясняет max-min всего ряда, сброс старой цепочки и начало новой с текущего кандидата; source/runtime/installed Portal SHA-256 совпадают","Режим 6 realtime detection; FIFO worker; synchronous fallback; offline Player; Upper/Lower независимо; AutoFreeze получает только реально принятую общую цепочку","py_compile Core/Engine/Portal/тестов: PASS; полный unittest discover 17/17 PASS; тесты покрывают дрейф 100→145→190 при gate 50, точную границу 50, gate 0, miss/FIFO gap, сброс product-chain и fail-closed при неполной истории; bundle validate и SHA256SUMS всех 117 файлов: PASS; атомарная активация: PASS; source/runtime SHA-256 Core и Engine совпадают; Portal source/runtime/installed совпадают; обе службы active; живой HTML содержит full-chain span и не содержит next/previous gate; API mode=6, connected=true, detector active=true, FIFO worker alive=true, overflows=0.","Сохранены пользовательские настройки: фактический Confirmation phase gate на момент проверки равен 10 samples, Upper=4 и Lower=3 confirmations. Пример пользователя с gate 50 означает строго max-min ≤ 50, а не ±50 от каждого предыдущего максимума. Нарушивший окно кандидат не теряется, а становится первым элементом новой цепочки. Полное физическое срабатывание с управляемым дрейфом максимумов не инициировалось. Cloud firmware latest не публиковался.","На записи или управляемом сигнале получить последовательность максимумов, где соседние разности входят в gate, а общий max-min выходит за него; подтвердить сброс счётчика до 1 и отсутствие ложного AutoFreeze FIRE старой цепочки.",2026-08-11
21,2026-08-11-1820,"ПРЕДЫДУЩИЙ кратковременно активированный полный комплект; заменён защитной версией 2026-08-11-1831; cloud latest не изменён","Первый вариант общего окна Confirmation phase gate","Введён основной критерий max-min по всей цепочке, передача истории максимумов во все три вычислительных пути, сброс с текущим кандидатом как подтверждением №1, новое описание Portal и full-chain span в подсказках Core. В штатной последовательности логика эквивалентна финальной версии 2026-08-11-1831.","host/BMI30.001.py.2026-08-11-1820","host/BMI30.200.py.2026-08-11-1820","host/BMI30.GUI.001.py; без функциональных изменений","hotspot_info_server.py с новым описанием общего окна","Режим 6; FIFO worker; synchronous fallback; offline Player","py_compile: PASS; unittest discover 16/16 PASS; bundle validate/SHA256SUMS: PASS; краткая атомарная активация: PASS; API mode=6, connected=true, detector active=true, worker alive=true, overflows=0.","При штатном pre-fire history полностью синхронна со счётчиком. Дополнительное ревью выявило редкий fail-open случай только при внутренней потере части history; поэтому комплект сразу заменён 2026-08-11-1831, где неполная или несогласованная история принудительно сбрасывает цепочку.","Для эксплуатации использовать 2026-08-11-1831; 2026-08-11-1820 оставить только как промежуточную точку сравнения.",2026-08-11
22,2026-08-11-1759,"ПРЕДЫДУЩИЙ завершённый полный комплект; заменён 2026-08-11-1820 и финальной 2026-08-11-1831; cloud latest не изменён","Построчные номера сэмплов максимумов всех AutoFreeze-подтверждений","Для каждой результирующей осциллограммы из Detection confirmations вычисляется собственный максимум и показывается только его цифровой номер сэмпла без слова sample. Старые и новые номера используют ту же общую функцию opacity, что соответствующие линии и направляющие: самый старый остаётся тёмным, финальный — полностью ярким. Центр каждой цифровой подписи сдвинут влево от линии максимума ровно на ширину двух моноширинных пробелов. Подписи располагаются отдельными горизонтальными строками сверху вниз в порядке от старого подтверждения к финальному; сначала рисуются направляющие, затем все фоновые плашки и цифры, поэтому линии не перечёркивают подписи.","host/BMI30.001.py.2026-08-11-1759; confirmationTraceOpacity; peakSampleMarker; drawPeakSampleGuide/Label; drawConfirmationPeakRows; DEFAULT_ENGINE_FILE указывает на парный engine","host/BMI30.200.py.2026-08-11-1759; побайтно идентичен engine 2026-08-11-1733, алгоритм Detection confirmations и сохранение product-chain не менялись","host/BMI30.GUI.001.py; без функциональных изменений","hotspot_info_server.py без функциональных изменений; Portal открывает обновлённый Core Oscilloscope; source/runtime/installed Portal сохранены вместе с bundle","Режим 6 product/detection; AutoFreeze Upper/Lower; цифровая подпись одиночного максимума в live/Freeze/Player также без слова sample и со сдвигом влево","py_compile Core/Engine/теста: PASS; 5 тестов AutoFreeze chain/API/brightness/peak-label rows: PASS; полный unittest discover 9/9 PASS; bundle validate/SHA256SUMS: PASS; source/bundle/runtime Core и Engine SHA-256 совпадают; атомарная активация: PASS; живой HTML 174353 bytes содержит rows/digits-only/two-space shift и не содержит старый fillText sample-prefix; Firefox headless выполнил JavaScript и отрисовал live mode 6 с цифровыми подписями 87 и 1 слева от линий максимумов; оба сервиса active; API connected=true, detector_active=true, overflows=0.","Активные настройки на момент проверки: Upper=4 и Lower=3 confirmations. После стартового USB fault-recovery существующий realtime worker перешёл на предусмотренный synchronous detector fallback; engine в этой версии не менялся, ошибок Python/JavaScript и переполнений нет. Полное физическое срабатывание с несколькими наложенными confirmation-графиками после активации специально не инициировалось. Cloud firmware latest не публиковался.","При следующем обычном срабатывании AutoFreeze визуально подтвердить 4 строки Upper и 3 строки Lower: цифры идут сверху вниз от тёмной старой к яркой финальной, не накладываются и каждая стоит на две ширины пробела левее своей линии максимума.",2026-08-11
23,2026-08-11-1733,"ПРЕДЫДУЩИЙ завершённый полный комплект; заменён 2026-08-11-1759; cloud latest не изменён","Все результирующие осциллограммы Detection confirmations в AutoFreeze","Для каждого канала движок теперь сохраняет точную последовательность результирующих массивов перемножения, которая реально прошла цепочку Detection confirmations. При принятой детекции вся цепочка из настроенных 1–6 подтверждений копируется в fire-frame, сохраняется в истории события и передаётся через JSON и бинарный frame API. Core Oscilloscope в AutoFreeze накладывает эти произведения в хронологическом порядке: самое старое имеет opacity 0.28, последующие становятся ярче, финальное сработавшее произведение рисуется с полной яркостью; легенда показывает det ×N. При разрыве FIFO, промахе, сдвиге максимума за confirmation phase gate или старте новой цепочки старые произведения сбрасываются вместе с peaks/source sequences.","host/BMI30.001.py.2026-08-11-1733; новый frame API для confirmation_products; Canvas overlay и AutoFreeze legend; DEFAULT_ENGINE_FILE указывает на парный engine","host/BMI30.200.py.2026-08-11-1733; _det_confirm_products0/1; точное копирование каждого принятого product и перенос полной цепочки в fire-frame","host/BMI30.GUI.001.py; без функциональных изменений","hotspot_info_server.py без нового функционального diff; Portal открывает обновлённый Core Oscilloscope; source/runtime/installed Portal SHA-256 совпадают","Режим 6 product/detection; AutoFreeze; Upper и Lower независимо; JSON и бинарный frame API; live/Freeze/Player без изменения поведения","py_compile новой пары Core/Engine и теста: PASS; 4 новых теста AutoFreeze chain/fire snapshot/JSON+binary API/brightness: PASS; полный unittest discover 8/8 PASS; bundle validate/SHA256SUMS: PASS; атомарная активация: PASS; source/runtime Core и Engine SHA-256 совпадают; оба systemd-сервиса active; живой HTML содержит drawConfirmationProducts, AutoFreeze-only gate, opacity gradient и det ×N; живой API connected=true, worker alive=true, overflows=0.","На момент финальной проверки устройство было в mode 3, поэтому реальное физическое срабатывание метки не вызывалось и пользовательские режим/выходы не менялись. Активные настройки требуют Upper=4 и Lower=3 confirmations; API и тесты поддерживают весь диапазон 1–6. Хранятся только короткие копии произведений текущей цепочки и ограниченная история 32 fire-событий.","В режиме 6 включить AutoFreeze и провести по одному физическому срабатыванию Upper/Lower: визуально подтвердить соответственно 4 и 3 линии результата перемножения, порядок яркости и совпадение яркого финального максимума с принятой детекцией; cloud-публикацию выполнять отдельной явной командой.",2026-08-11
24,2026-08-07-1641,"ПРЕДЫДУЩИЙ завершённый полный комплект; заменён 2026-08-11-1733; cloud latest не изменён","Актуальные устройства Group Mode без дубликатов STM32 UID96","Хост нормализует полный STM32 UID96 к 24 hex-символам и публикует ровно одну текущую запись на UID. RS485 device_id считается изменяемым: если один UID в переходном снимке виден под двумя ID, побеждает текущий local ID или самая свежая живая remote-запись, а старая удаляется в том же снимке без TTL. Итоговый список строится строго из текущего sync_seen_mask; сырая маска сохранена для диагностики, а API разделяет group_seen_mask, group_device_ids и deduplicated_node_ids. Frontend использует стабильный uid_key и состав группы по UID, поэтому та же карточка сразу получает новый RS485 ID. Полный UID96 передаётся через group_state и LAN /api/sensors; короткий RID1/RPI alias оставлен только как fallback. В таблице Group показывается полный UID96.","host/BMI30.001.py.2026-08-07-1641; парная копия 2026-08-01-1730; DEFAULT_ENGINE_FILE обновлён на новый engine","host/BMI30.200.py.2026-08-07-1641; функционально идентичен 2026-08-01-1730","host/BMI30.GUI.001.py; без функциональных изменений","hotspot_info_server.py; backend/frontend UID96 de-duplication; тесты tests/test_hotspot_group_uid_dedupe.py; source/runtime/installed SHA-256 совпадают","Group Mode; список RS485-устройств; LAN group_state; все режимы детектора и runtime без изменения алгоритмов","4 unit-теста UID96: PASS; py_compile Core/Engine/Portal: PASS; diff парных Core/Engine: изменилась только ссылка DEFAULT_ENGINE_FILE, engine побайтно совпадает; синтетический headless Firefox: три ID в маске и два UID дают две колонки; bundle validate/SHA256SUMS и атомарная активация: PASS; оба сервиса active; Core API connected=true, mode=6; Portal version/release=2026-08-07-1641 и portal_matches_release=true; живой /api/sensors публикует только текущие ID [3,4,7,10], group_seen_mask=1176, local UID96=333635343032511300090040, старого ID в списке нет.","Физические RS485 ID в ходе создания версии не менялись. Текущий RID1 части соседей ещё содержит только short identity; полный UID96 для локального STM32 берётся из FW_INFO и распространяется через Portal LAN API; для старых соседей сохранён текущий short/RPI fallback. Cloud firmware latest не публиковался.","При ближайшем техобслуживании ещё раз изменить ID одного физического STM32 и сразу сверить Group-таблицу, group_device_ids и deduplicated_node_ids; облачную публикацию выполнять только отдельной явной командой.",2026-08-07
25,2026-08-01-1730,АКТИВНЫЙ завершённый полный комплект; cloud release 2026-08-01-173622; archive bmi30_backup_20260801_173755.tar.gz,Самовосстановление доступа к облачному обновлению,"Устранена повторяющаяся причина permission denied на разных устройствах. Portal работает от root, и при обновлении OAuth-токена rclone атомарно переписывал /home/techaid/.config/rclone/rclone.conf владельцем root с правами 0600; после этого terminal menu от techaid не мог ни скачать update, ни опубликовать release. В cloud_sync_common.sh добавлены единое определение config/владельца, безопасное восстановление techaid:techaid и 0600 через root или sudo, явный export RCLONE_CONFIG и повторная проверка после операции. backup_to_cloud.sh и update_from_cloud.sh выполняют preflight до сетевого доступа и cleanup после него. Portal перед фоновой cloud-check и в finally возвращает конфигурацию владельцу рабочего пользователя даже при ошибке rclone. Учетные данные по-прежнему не входят в firmware/recovery archives.","host/BMI30.001.py.2026-08-01-1730; функционально унаследован от завершённого tag-response-filter-files; DEFAULT_ENGINE_FILE указывает на парный engine","host/BMI30.200.py.2026-08-01-1730; алгоритмы детектора не менялись",host/BMI30.GUI.001.py; без функциональных изменений,"hotspot_info_server.py; защита владельца rclone.conf до/после root cloud-check; utilities/cloud_sync_common.sh, backup_to_cloud.sh, update_from_cloud.sh и README","Portal firmware checker; terminal publication/update; режим 6 и все runtime-режимы без изменения алгоритмов","bash -n cloud scripts/worker: PASS; py_compile Core/Engine/Portal: PASS; временный config root:root/0600 восстановлен в techaid:techaid/0600: PASS; реальный rclone.conf после симуляции root-владельца восстановлен общим shell-кодом и Portal helper: PASS; установленная Portal-функция check_firmware_update_from_cloud от root скачала marker с ok=true и оставила owner 1000:1000 mode 600; rclone listremotes видит gdrive; bundle validate/SHA256SUMS и активация: PASS; source/bundle/installed Portal SHA-256 совпадают; core/portal active; API connected=true, mode=6, detector worker alive=true, три tag-filter slots Off.","Уже затронутое устройство со старой прошивкой не может получить это исправление через terminal updater, пока один раз не восстановить owner командой sudo chown techaid:techaid /home/techaid/.config/rclone/rclone.conf и sudo chmod 600 для того же файла. После установки 2026-08-01-1730 следующие root OAuth refresh исправляются автоматически. Google Drive не имеет Unix-прав архива; ошибка была только в локальном credential-файле устройства.","На втором устройстве один раз восстановить владельца, выполнить Update и проверить, что после следующей фоновой cloud-check остаются techaid:techaid/0600.",2026-08-01
26,2026-07-31-1326-tag-response-filter-files,ПРЕДЫДУЩИЙ завершённый полный комплект; cloud release 2026-07-31-133210; archive bmi30_backup_20260731_163851.tar.gz,Три загружаемых Tag response filters из папки файлов,"На странице Tag Detection прежние четыре checkbox заменены тремя независимыми слотами выбора файла. Каждый слот показывает Off и все валидные JSON-файлы из host/tag_response_filters; при выборе форма автоматически сохраняется и сразу отправляет настройку в core. Пустые слоты по умолчанию выключены, несколько выбранных профилей объединяются по OR, повтор одного файла исключается. Вынесены четыре имеющихся профиля Casino.json, Barkhausen.json, Microwire.json и Paper.json; добавлен документированный формат bmi30-tag-response-filter-v1 с алгоритмами casino/barkhausen/microwire/paper/compact и необязательными параметрами для заказных файлов и имён. Engine безопасно проверяет basename/формат/algorithm, кэширует профиль по mtime/size, применяет параметры только на время проверки и fail-closed обрабатывает отсутствующий или некорректный выбранный файл. create_bmi30_split_bundle.sh обязательно копирует папку фильтров, manifest/SHA256SUMS учитывают каждый файл; backup_to_cloud пишет путь папки в release manifest, а update_from_cloud проверяет её наличие и хотя бы один JSON.","Активный runtime: host/BMI30.001.py.2026-07-31-1113; завершённый парный снимок: host/BMI30.001.py.2026-07-31-1326-tag-response-filter-files","Активный runtime: host/BMI30.200.py.2026-07-31-1113; завершённый парный снимок: host/BMI30.200.py.2026-07-31-1326-tag-response-filter-files","host/BMI30.GUI.001.py; без функциональных изменений","hotspot_info_server.py; три файловых селектора с immediate apply; live/source/installed SHA-256 совпадают","Режим 6 и все пути realtime tag detection; Portal Tag Detection; полный bundle; локальная проверка cloud release","py_compile Core/Engine/Portal: PASS; bash -n create/backup/update/switch: PASS; JSON parse четырёх профилей: PASS; Portal list/normalize/render и mock payload: PASS; Engine profile loader, Off bypass и selected gate: PASS; live API временно включил Casino.json и вернул persisted=false, затем вернул три Off; после повторной активации mode=6, connected=true, detector worker alive=true, slots=['','','']; bundle validate и SHA256SUMS: PASS. Локальный cloud-архив /tmp/bmi30-filter-cloud-test/bmi30_backup_20260731_133210.tar.gz, 16003607 bytes, SHA-256 537a9c31e6464a1c4a6b47a7e0a8d7d576a4b69b24386fa6b6103181c1a68252; tar содержит source и bundle-копии всех четырёх JSON.","По умолчанию новые слоты намеренно Off; старые filter_casino/filter_barkhausen/filter_microwire/filter_paper не мигрируются в активные слоты. Имя файла может быть заказным, но файл должен быть валидным JSON-профилем v1. Barkhausen.json задаёт расширенное окно end=0.95; остальные встроенные профили наследуют текущие параметры детектора. Опубликован 2026-07-31 как cloud release bmi30_backup_20260731_163851.tar.gz; затем заменён исправлением 2026-08-01-1730.","Проверить выбор каждого профиля на реальных эталонных метках; после подтверждения опубликовать completed release отдельной явной командой через штатный Google Drive/rclone pipeline.",2026-07-31
27,2026-07-31-1113,ПРЕДЫДУЩАЯ нейтральная рабочая копия; local release 2026-07-31-112335; не опубликован,Копирование неизменного проекта больше не создаёт новую версию,"Создана новая парная рабочая копия 2026-07-31-1113 из завершённого комплекта 2026-07-30-1420. Firmware version теперь привязана к content-signature: backup_to_cloud повторно использует прежние BMI30_FIRMWARE_VERSION и BMI30_FIRMWARE_CREATED_AT при побайтно одинаковом содержимом, а служебное время нового архива остаётся отдельным. Portable release manifest имеет приоритет над локальным publish/update state, поэтому перенос на другой Raspberry Pi с пустым state не выглядит как изменение кода. При повторной активации того же bundle переключатель сохраняет release manifest и content-signature вместо замены bootstrap-manifest из bundle. Новые bundle manifest явно содержат BMI30_FIRMWARE_BUNDLE_ID. Runtime FIFO .lgd-* исключён из firmware archive.","host/BMI30.001.py.2026-07-31-1113; парный DEFAULT_ENGINE_FILE; функционально унаследован от завершённого 2026-07-30-1420","host/BMI30.200.py.2026-07-31-1113; функционально унаследован от завершённого 2026-07-30-1420","host/BMI30.GUI.001.py; без функциональных изменений","hotspot_info_server.py; без функциональных изменений; исправлены utilities/backup_to_cloud.sh, cloud_sync_common.sh, create_bmi30_split_bundle.sh и switch_bmi30_split_versions.sh","Все режимы BMI30 без изменения алгоритмов; firmware backup/copy/recovery; активация полного websplit bundle","bash -n изменённых shell-скриптов: PASS; py_compile новой пары Core/Engine, GUI и Portal: PASS; bundle validate/SHA256SUMS: PASS; первый local release после изменения кода получил новую версию, повторный forced archive сохранил те же version/created_at; --if-changed с пустым state не создал архив; отдельная распакованная копия с принудительно новым mtime всех файлов сохранила version 2026-07-31-112335 и ту же content-signature; повторная активация bundle вывела сохранение version/signature, source/runtime release manifest SHA-256 совпали; core и Portal после активации запущены.","Дата/время в имени bmi30_backup_YYYYMMDD_HHMMSS остаётся временем операции копирования и не является версией кода. Версия меняется только при изменении content-signature. Проверочные архивы созданы только локально в /tmp; Google Drive firmware latest не изменялся.","При следующем реальном изменении кода убедиться, что создаётся новая firmware version; при обычном переносе/восстановлении ожидать прежнюю version и отсутствие публикации через --if-changed.",2026-07-31
28,2026-07-30-1420-persistent-settings-mode6-recovery,АКТИВНЫЙ завершённый полный комплект; не опубликован,Постоянные настройки и быстрое тихое восстановление режима 6,"Core, Engine и Portal используют единый постоянный host/bmi30_config.json через BMI30_CONFIG_JSON, а последний рабочий режим хранится отдельно в host/bmi30_sel.json через BMI30_MODE_STATE_JSON. Активация и rollback bundle не заменяют пользовательские параметры snapshot-конфигурацией; запись режима атомарная, Stop и внутренний режим 5 не стирают последний рабочий режим. Аварийное восстановление режима 6 выполняется строго так: до входа в режим 5 выставляется максимальная скорость DC settle=1000 ms; один быстрый цикл выполняется в режиме 5; после перехода в режим 6 ещё один первый полный цикл сохраняет settle=1000 ms; только затем восстанавливается сохранённая рабочая компенсация settle=5000 ms. До завершения первого быстрого цикла в режиме 6 звук, адресный свет и GPIO-свет заблокированы.","host/BMI30.001.py.2026-07-30-1324-portal-cloud-update-rollback; постоянный config-path; управление профилями startup/work; защита первого быстрого DC-цикла режима 6 от преждевременного возврата work","host/BMI30.200.py.2026-07-30-1324-portal-cloud-update-rollback; единые config/state paths; атомарный sel; silent recovery; fastest DC до mode 5; короткий цикл mode 5; первый быстрый цикл mode 6; затем восстановление work и выходов","host/BMI30.GUI.001.py; функционально не менялся","hotspot_info_server.py; единый постоянный config-path; установленная копия и systemd drop-in BMI30_CONFIG_JSON/BMI30_MODE_STATE_JSON","Все режимы: постоянные параметры и последний рабочий режим; режим 6: fault/reset → mode 5 fast DC → mode 6 first fast DC → mode 6 work","py_compile всех source/runtime/bundle Core и Engine: PASS; bundle validate/SHA256SUMS: PASS; config до/после restart и аппаратных reset побайтно совпал, 85 ключей; sel после восстановления равен 6. Финальный реальный аппаратный тест с опросом API: mode 5 длился 1.055 s и во всех выборках имел settle=1000 ms; первая компенсация mode 6 длилась 0.993 s при settle=1000 ms; затем без смены режима восстановлен work settle=5000 ms. На всём recovery sound_out=false, LED command=0, GPIO22 level=0; ошибок API нет; после исправления журнал не содержит _tick crash/Traceback.","Переходный режим 5 не сохраняется; рабочим остаётся режим 6. Максимальная скорость STM32 означает минимальный settle=1000 ms. Пользовательский рабочий профиль в текущей конфигурации равен 5000 ms и после восстановления не перезаписывается. Cloud latest/firmware публикация не выполнялась.","Наблюдать один естественный сбой в эксплуатации и сверить последовательность SET_DC_SPEED startup 1000 → mode 5 → mode 6 first fast cycle → SET_DC_SPEED work 5000; публиковать в cloud только отдельной явной командой.",2026-07-30
29,2026-07-30-1324-portal-cloud-update-rollback,АКТИВНЫЙ завершённый полный комплект; не опубликован,Ручное cloud-обновление и одношаговый rollback в шапке Portal,"В той же строке, где Signed in as admin · User access, добавлены компактные Update и Rollback. Обе кнопки по умолчанию disabled. Portal при старте и затем раз в 3600 секунд через nice 15 и idle ionice читает только маленький bmi30_latest.env; архив не скачивается и основной runtime не останавливается. Update разрешается только для строго более новой датированной firmware version. Английская hover-подсказка показывает version, bundle, label, notes, даты, archive/SHA-256, content signature, source device и текущую версию. Нажатие запускает отдельный transient systemd worker вне cgroup Portal, поэтому restart страницы не обрывает операцию; JSON progress переживает рестарт и показывает на кнопке этапы 5/12/20/35/60/80/96/100%. Перед применением сохраняются active env, firmware manifest и pre_update archive. После успешной установки Rollback разрешает ровно один возврат к полному bundle, работавшему непосредственно до update, с отдельной английской hover-информацией и прогрессом. Старый user timer unattended install автоматически отключается. Cloud publisher теперь добавляет label/notes и bundle metadata в marker.","host/BMI30.001.py.2026-07-30-1324-portal-cloud-update-rollback; функционально равен 0930; DEFAULT_ENGINE_FILE указывает на парный completed engine","host/BMI30.200.py.2026-07-30-1324-portal-cloud-update-rollback; функциональная копия 0930-noise-overlay-hover; detector не менялся",host/BMI30.GUI.001.py; без функциональных изменений,"hotspot_info_server.py; hourly marker checker, authenticated firmware-control/update/rollback API, disabled-by-default header buttons, English tooltips, progress polling; utilities/portal_firmware_operation.sh; update_from_cloud rollback/progress; backup_to_cloud marker metadata","Все текущие режимы BMI30 без изменений; Portal header; firmware delivery; cloud marker; bundle activation/rollback","py_compile core/engine/GUI/Portal: PASS; bash -n cloud scripts/worker: PASS; version comparator, rollback metadata writer и detached launcher mock: PASS; реальный Google Drive marker: current 2026-07-30-1324-portal-cloud-update-rollback > cloud 2026-07-29-174507, online=true, Update=false, следующий check ≈3595 с; authenticated isolated/live HTML и API: PASS; обе кнопки default disabled и стоят после session text; server-side Update/Rollback без доступной версии возвращают 409; root systemd-run probe: PASS; completed bundle validate/SHA256SUMS и атомарная активация: PASS; source/active/installed Portal SHA-256 4aa86d1636c… совпадают; core и Portal active; legacy timer disabled/inactive.","Фактический download/apply/rollback намеренно не запускался: в cloud нет версии новее текущей, поэтому безопасная серверная блокировка работает. Rollback появится только после первого успешного Update. При кратком повторе cloud-check Google API один раз вернул минутный RATE_LIMIT_EXCEEDED; следующая проверка после квотного окна прошла, штатный интервал 1 час не создаёт такой нагрузки. Cloud latest не изменён и этот bundle пока не опубликован.","Опубликовать completed release только отдельной явной командой. После появления более новой тестовой cloud-версии выполнить один полный Update и один Rollback на тестовом устройстве, сверить hover metadata и 100% progress, затем повторно Update.",2026-07-30
30,2026-07-30-0930,ПРЕДЫДУЩИЙ завершённый snapshot; заменён 1324; не опубликован,Зоны шума только при наведении на канал,"По просьбе пользователя голубые относительные зоны измерения noise_ref скрыты в обычном состоянии и показываются только при наведении указателя на карточку соответствующего канала. Верхний и нижний каналы управляются независимо. События pointerenter/pointerleave принудительно перерисовывают последний кадр, поэтому подсветка корректно исчезает также при Freeze, AutoFreeze и остановленном Player. Геометрия зон и алгоритм измерения шума не менялись.","host/BMI30.001.py.2026-07-30-0930-noise-overlay-hover; noiseSectorsHovered(canvas), hover-gate в drawPlot и initNoiseSectorHover; DEFAULT_ENGINE_FILE парный","host/BMI30.200.py.2026-07-30-0930-noise-overlay-hover; побайтная функциональная копия engine 0916, алгоритмы детекции не менялись",host/BMI30.GUI.001.py; без функциональных изменений,hotspot_info_server.py; без функциональных изменений,"Core Oscilloscope mode 6 product; live/Freeze/AutoFreeze/Player; оба канала","py_compile Core/Engine/GUI/Portal: PASS; структурная проверка hover-gate, pointerenter/pointerleave, постоянных drawDetectionGate и drawPeakSample: PASS; git diff --check: PASS; bundle validate и source/bundle SHA-256: PASS; атомарная активация: PASS; live HTML содержит hover-код; Firefox headless загрузил страницу и выполнил встроенный JavaScript; engine 0930 connected=true, mode6, FIFO alive=true, overflows=0.","По умолчанию голубые зоны полностью отсутствуют и появляются только у наведённой карточки канала. Зелёные границы DETECT и белая линия максимума остаются постоянно видимыми. Сохранены настройки пользователя: normalization=false, confirmations 4/4, confirmation phase gate ±30, peak gate 20..90, noise sectors 6/40/1. Предыдущая версия сохранена как парный snapshot 0916-low-contrast-noise-overlay. Cloud latest не изменялся.","Обновить страницу Core без кэша и проверить наведение отдельно на Upper и Lower Channel. При желании область наведения можно сузить с полной карточки до полотна осциллограммы.",2026-07-30
31,2026-07-30-0916,ПРЕДЫДУЩИЙ локальный полный комплект; заменён 0930; не опубликован,Менее контрастные зоны измерения шума,"По просьбе пользователя уменьшен визуальный контраст голубых относительных зон, из которых измеряется текущий noise_ref. Прозрачность заливки снижена с 0.10 до 0.035, контура — с 0.26 до 0.09; геометрия зон, следование за максимумом и расчёт шума не менялись. Новая версия собрана из фактически работающего runtime 1935, поскольку корневой active-version и локальный журнал неожиданно оставались на 1115, хотя служба продолжала работать из атомарного runtime 1935. Активация 0916 снова согласовала active-version, runtime и bundle. Текущая runtime-конфигурация пользователя перенесена без отката.","host/BMI30.001.py.2026-07-30-0916-low-contrast-noise-overlay; парный DEFAULT_ENGINE_FILE; только rgba голубой заливки/контура 0.035/0.09","host/BMI30.200.py.2026-07-30-0916-low-contrast-noise-overlay; функциональная копия lossless FIFO engine 1935/1918; алгоритмы детекции не менялись",host/BMI30.GUI.001.py; без функциональных изменений,hotspot_info_server.py; без функциональных изменений,"Core Oscilloscope mode 6 product; live/Freeze/AutoFreeze; detector FIFO и оба канала","py_compile core/engine/Portal и git diff --check: PASS; извлечение SERVICE_HTML подтвердило fill rgba(63,209,255,.035), stroke rgba(63,209,255,.09), drawDetectionGate/productPeakSample сохранены: PASS; bundle validate и source/bundle SHA-256: PASS; атомарная активация: PASS; live HTML содержит новые значения и не содержит старую fill .10; engine 0916 connected=true, mode6, FIFO alive=true, overflows=0; active-version указывает 0916.","Сохранены фактические пользовательские настройки перед активацией: normalization=false, confirmations 4/4, confirmation phase gate ±30, peak gate 20..90, ratios upper 10 и lower 12→6, noise sectors 6/40/1. Зелёные границы DETECT и белая линия максимума не приглушались. Система не перезагружалась; прежнее расхождение было только между корневым metadata и работающим atomic runtime. Cloud latest не изменялся.","Использовать 0930: голубая область скрыта по умолчанию и показывается только при наведении на соответствующий канал.",2026-07-30
32,2026-07-29-1935,ПРЕДЫДУЩИЙ локальный полный комплект; заменён 0916; не опубликован,Подвижная шумовая область и явные ворота детекции,"Исправлена визуализация относительных шумовых секторов. В live-режиме null ошибочно преобразовывался JavaScript в фазу 0, поэтому голубая область стояла у начала осциллограммы. Теперь максимум определяется непосредственно в отображённом product-массиве, и голубые сектора двигаются вместе с ним; AutoFreeze использует peak принятого fire snapshot. Добавлены постоянные зелёные границы разрешённого диапазона максимума и подпись DETECT min..max, а также явные null guards.","host/BMI30.001.py.2026-07-29-1935-moving-noise-overlay-detection-gate; productPeakSample; drawDetectionGate; null-safe overlay; парный DEFAULT_ENGINE_FILE","host/BMI30.200.py.2026-07-29-1935-moving-noise-overlay-detection-gate; функциональная копия engine 1918",host/BMI30.GUI.001.py; без функциональных изменений,hotspot_info_server.py; без функциональных изменений,"Core Oscilloscope mode 6 product; live/Freeze/AutoFreeze; оба канала","py_compile/diff check: PASS; Firefox headless JavaScript: product peak sample 11, координаты noise overlay при peak 30 и 70 различаются, detection gate соответствует семплам 30 и 60: PASS; bundle validate/SHA-256, активация и live HTML: PASS.","Голубая область показывает удалённые семплы noise_ref и следует за максимумом; зелёные DETECT-линии показывают абсолютные разрешённые ворота и остаются неподвижными. Алгоритм детектора не менялся. Cloud latest не изменялся.","Использовать 0916 с менее контрастной голубой областью; границы DETECT оставлены контрастными.",2026-07-29
33,2026-07-29-1918,ПРЕДЫДУЩИЙ локальный полный комплект; заменён 1935; не опубликован,Lossless FIFO для последовательных подтверждений,"Удалено latest-only схлопывание очереди детектора. Worker обрабатывает входные блоки строго FIFO, очередь запросов увеличена до 64, результатов до 128, а выдача использует backpressure. При исключительном overflow цепочки fail-closed сбрасываются и текущий кадр переходит в sync fallback вместо скрытой замены. Сохранена per-channel source-seq непрерывность и диагностика точных фаз/кадров подтверждения.","host/BMI30.001.py.2026-07-29-1918-lossless-fifo; detector.worker FIFO diagnostics и цепочки фаз/source-seq","host/BMI30.200.py.2026-07-29-1918-lossless-fifo; FIFO worker, backpressure, explicit overflow fallback, per-channel continuity",host/BMI30.GUI.001.py; без функциональных изменений,hotspot_info_server.py; без функциональных изменений,"Mode 6 realtime worker/sync fallback; оба АЦП; normalization и relative noise sectors","py_compile: PASS; burst-тест вернул все 40 source-seq 1000..1039 по порядку без stale-канала; производительность около 1481 блок/с при live 12–16 блок/с; live overflows=0, очереди возвращались к 0; bundle validate/SHA-256 и активация: PASS.","Живое нижнее событие содержало действительно соседние кадры 455..460 и фазы 34,35,36,38,38,40; оно не было создано пропуском либо повтором worker-кадра. Cloud latest не изменялся.","Для оставшихся редких ложных событий сравнивать raw-форму и межкадровую динамику метки/помехи.",2026-07-29
34,2026-07-29-1907,ПРЕДЫДУЩИЙ локальный полный комплект; заменён 1918; не опубликован,Строгая непрерывность по source-seq и диагностика фаз,"Исправлены два пути ложной последовательности: sync fallback раньше получал номер входного кадра, но не использовал его, а block worker вычислял оба АЦП даже при обновлении только одного. Теперь sync учитывает физический seq, worker выдаёт результат только обновившемуся каналу и проверяет непрерывность отдельно по source-seq. Fire snapshot сохраняет confirm_peaks, confirm_source_sequences, phase span/gate/reason. Исправлена старая ошибочная вложенность _rt_level_full, вызывавшая скрытый NameError после sync-обработки.","host/BMI30.001.py.2026-07-29-1907-strict-confirmations; API/UI phase/source diagnostics","host/BMI30.200.py.2026-07-29-1907-strict-confirmations; source-seq continuity; updated-channel mask; sync check; trace; indentation fix",host/BMI30.GUI.001.py; без функциональных изменений,hotspot_info_server.py; без функциональных изменений,"Mode 6 realtime worker и sync fallback; оба АЦП","confirmation gap/phase reset, sync seq 10/11/13, worker updated-channel mask, per-channel continuity и trace unit-тесты: PASS; bundle validate/SHA-256 и активация: PASS.","Эта версия устранила ложное понятие подряд, но worker ещё имел latest-only политику; поэтому заменена 1918 с FIFO. Cloud latest не изменялся.","Использовать FIFO-реализацию 1918 и новее.",2026-07-29
35,2026-07-29-1848,ПРЕДЫДУЩИЙ локальный полный комплект; заменён 1907; не опубликован,Циклические шумовые сектора и восстановленная нормализация,"Фиксированная дальняя четверть заменена измерением шума относительно текущего максимума. Product из 200 семплов рассматривается циклически и при настройках 6/40/1 делится на шесть относительных секторов: центральный и соседние сектора, а также guard ±40 исключаются; noise_ref берётся как максимум оставшихся удалённых областей. Алгоритм применён в realtime worker, parent recheck, sync fallback, legacy path и offline player. Добавлена голубая подсветка удалённых шумовых зон. Исправлена нормализация: engine больше не ставит xcorr_norm_enabled=False при каждом старте, значение загружается и сохраняется merge-способом.","host/BMI30.001.py.2026-07-29-1935-moving-noise-overlay-detection-gate содержит последующую Core-визуализацию; исходный bundle 1848 сохраняет Core BMI30.001.py.2026-07-29-1848","bundle 1848 сохраняет BMI30.200.py.2026-07-29-1848; _rt_detector_relative_noise_reference; cyclic sectors; normalization persistence",host/BMI30.GUI.001.py; без функциональных изменений,"hotspot_info_server.py; поля Relative noise divisions, Signal guard radius, Adjacent noise sectors skipped","Mode 6 live/sync/offline; оба канала; normalization; Portal Tag Detection","py_compile: PASS; synthetic wide response protected, удалённый пик rejected, rotation/wrap invariance: PASS; Portal form/render 6/40/1: PASS; normalization load/save: PASS; bundle validate/SHA-256, activation, live product 0..65535: PASS.","Широкая область метки намеренно не считается шумом. Последующие версии 1907/1918 исправили последовательность подтверждений, а 1935 — движение визуальной области. Cloud latest не изменялся.","Использовать активную 0916, содержащую все последующие исправления и менее контрастную визуализацию.",2026-07-29
36,2026-07-29-1115,ПРЕДЫДУЩИЙ локальный полный комплект; заменён 1848; не опубликован,Исправлена потеря проверки текущего шума перед подтверждением,"По живому fire snapshot найдено конкретное ложное принятие: верхний максимум 700524 при дальнем шуме 385845 и ручном коэффициенте 2.5 прошёл детектор, хотя обязательный текущий порог равен 964612.5. Worker правильно вычислял noise_ok=False через поквартальную проверку, но основной live-путь после получения результата безусловно присваивал noise_ok=True каждому кандидату. Поэтому работал только усреднённый за 5 секунд порог, который запаздывал при внезапной помехе. Исправлено: основной поток повторно проверяет текущую product-осциллограмму, объединяет локальный и worker-результат через AND и при ошибке измерения отклоняет кандидат. Та же обязательная текущая проверка добавлена в отключаемый legacy/sync GUI-путь. Диагностика API теперь показывает instant_noise_ok, а fire snapshot сохраняет instant_required.","host/BMI30.001.py.2026-07-29-1115; парный DEFAULT_ENGINE_FILE; detector API дополнен instant_noise_ok0/1","host/BMI30.200.py.2026-07-29-1115; _rt_detector_current_noise_supported; обязательная повторная проверка prod_arr; worker verdict больше не затирается; fail-closed при исключении; диагностические instant_noise_ok/instant_required",host/BMI30.GUI.001.py; без функциональных изменений,hotspot_info_server.py; без функциональных изменений,"Mode 6 live realtime-prevbuf; worker и sync fallback; отключаемый legacy GUI-path; оба канала; offline player сохраняет прежнюю правильную проверку","py_compile core/engine/Portal: PASS; unit-воспроизведение реального ложного кадра 700524 против 385845×2.5: REJECT; чистый контроль 700524 против 100000×2.5: PASS; worker False при локальном PASS: REJECT; bundle validate и совпадение SHA-256 source/bundle: PASS; атомарная активация: PASS; live API engine 1115, connected=true, mode 6, detector active=true, confirmations 4/4, absolute gate 33..70, confirm_phase_gate=10, smoothing avg7: PASS; обе службы active.","Усреднённый noise_avg за 5 секунд оставлен для стабильного основного порога, но теперь он не заменяет мгновенную проверку: каждый кандидат обязан одновременно превысить trigger по noise_avg и дальнюю четверть текущего кадра × текущий коэффициент. Текущие пользовательские настройки сохранены: четыре подтверждения и фазовые ворота ±10. Именованные shape-фильтры остаются выключены. Cloud latest не изменялся.","Проверить тем же источником помехи отсутствие ложных четырёх подтверждений. Если останутся срабатывания, записать raw-сеанс: следующий предмет проверки — конкурентный максимум вне локальной области, который не всегда находится именно в выбранной дальней четверти. Публиковать bundle в cloud latest только отдельным явным действием.",2026-07-29
37,2026-07-29-0936,ПРЕДЫДУЩИЙ локальный полный комплект; заменён 1115; не опубликован,Фазовые ворота и настоящая непрерывность Detection confirmations,"Проверка показала, что прежний Detection confirmations увеличивал счётчик при любом следующем прошедшем пороги и абсолютное окно максимуме: положение нового максимума с предыдущим вообще не сравнивалось. Кроме того, realtime worker работает latest-only и может отбрасывать очередь, но результаты до и после пропуска считались последовательными. Добавлен общий параметр confirm_phase_gate в семплах, по умолчанию 3: первый подходящий максимум начинает цепочку; следующий увеличивает её только при абсолютной разнице фаз не больше ворот; скачок фазы или разрыв worker sequence не продолжает старую цепочку, а текущий допустимый максимум начинает новую с 1. Неподходящий кадр полностью сбрасывает цепочку. Одинаковая фазовая проверка включена в live, sync fallback и offline player.","host/BMI30.001.py.2026-07-29-0936; парный DEFAULT_ENGINE_FILE; загрузка confirm_phase_gate из config; публикация в detector.settings API","host/BMI30.200.py.2026-07-29-0936; новый phase-aware _rt_detector_confirmation_step; контроль latest-only request и result sequence; единая логика live/fallback/offline; сохранение параметра 0–199",host/BMI30.GUI.001.py; без функциональных изменений,"hotspot_info_server.py; поле Confirmation phase gate в Channel Decision Settings; нормализация, form parser, Core backfill и API payload; source/runtime/installed SHA256 совпадают","Mode 6 live detector; sync fallback; offline raw player; оба канала; Portal Tag Detection","py_compile core/engine/Portal: PASS; 8 граничных unit-сценариев helper: reject/reset, first, ±gate inclusive, outside restart, worker-gap restart и gate=0 exact: PASS; Portal normalize/form/render и диапазон 0–199: PASS; bundle validate/SHA256SUMS: PASS; атомарная активация: PASS; live API engine 0936, connected=true, detector active=true, confirmations 5/5, absolute gate 33..70, confirm_phase_gate=3, adaptive phase_max_shift=12 и smoothing avg7: PASS; Portal source/runtime/installed SHA256 совпадают.","До этой версии относительных ворот не было вообще; 33..70 были только абсолютным окном допустимой позиции, а phase_max_shift=12 относится к совмещению even/odd при расчёте продукта. Новые ворота 3 означают ±3 семпла относительно непосредственно предыдущего принятого максимума, то есть полная ширина окна 7 значений. Значение 0 требует точного совпадения, 199 практически отключает эту проверку. Сразу после live-старта наблюдалась одна цепочка из пяти на верхнем канале с финальным максимумом 69: это показывает, что стабильная по фазе помеха всё ещё может пройти; именованные shape-фильтры в текущей конфигурации выключены. Cloud latest не изменялся.","Проверить реальные метки и помехи при воротах 3, затем при необходимости сузить до 1 или 0; желательно записать raw-сеанс с ложной детекцией и сравнить последовательности peak index. Публиковать bundle в cloud latest только отдельным явным действием.",2026-07-29
38,2026-07-28-1654,ПРЕДЫДУЩИЙ локальный полный комплект; заменён 0936; Portal render и службы проверены; не опубликован,Компактный список сглаживания на Portal как в осциллографе,"По уточнению пользователя шесть крупных radio-плиток на Portal Tag Detection заменены одним компактным выпадающим списком, визуально и функционально соответствующим select на Core Oscilloscope. Список содержит только понятные названия off, med3, med5, avg7, avg9 и avg11; выбранный option отправляется существующим полем smooth_mode и сохраняется тем же механизмом. Секция остаётся непосредственно перед Peak Position Limits. Алгоритмы фильтрации, API и единая обработка сигнала до детектора и осциллограмм не менялись.","host/BMI30.001.py.2026-07-28-1654; функционально соответствует Core 1647; изменён только DEFAULT_ENGINE_FILE для парного комплекта","host/BMI30.200.py.2026-07-28-1654; точная копия engine 1647/1613; фильтры и pipeline без изменений",host/BMI30.GUI.001.py; без функциональных изменений,"hotspot_info_server.py; radio-grid удалён; добавлен компактный select smooth-mode-select шириной до 180 px с шестью option","Portal Tag Detection; Core Oscilloscope без визуальных изменений; live/offline detector pipeline без изменений","py_compile core/engine/Portal: PASS; Portal render: ровно один select name=smooth_mode, шесть именованных option, выбран off, radio отсутствуют и секция расположена перед Peak Position Limits: PASS; form parser принимает значения 0–5: PASS; bundle validate/SHA256SUMS и атомарная активация: PASS; Core и Portal active; source/runtime/installed Portal SHA256 совпадают.","Числа остаются только внутренними значениями совместимости конфигурации/API и не отображаются пользователю. Активный режим сохранён как off. Engine и обработка сигналов не изменены. Cloud latest не изменялся.","Обновить Portal без кэша и визуально подтвердить компактный список на странице Tag Detection. Публиковать bundle в cloud latest только отдельным явным действием.",2026-07-28
39,2026-07-28-1647,ПРЕДЫДУЩИЙ локальный полный комплект; заменён 1654; не опубликован,Именованный выбор сглаживания без числовой кнопки,"По замечанию пользователя числовое циклическое управление фильтром заменено прямым выбором по понятным названиям. На Core Oscilloscope компактный select показывает off, med3, med5, avg7, avg9 или avg11 и сразу применяет выбранный вариант через существующую API-команду smoothing. На Portal Tag Detection сохранён явный radio-выбор шести режимов, но удалены видимые номера и числовая расшифровка. Положение управления не изменено: в Core между пороговыми уровнями и Optimize/DC adaptation, в Portal непосредственно перед Peak Position Limits. Алгоритмы и единая точка фильтрации до детектора и осциллограмм не менялись.","host/BMI30.001.py.2026-07-28-1647; select smoothSel с шестью именами; selectSmoothing/paintSmoothSelect; прежняя кнопка, цветовые классы и cycleSmoothing удалены; DEFAULT_ENGINE_FILE обновлён","host/BMI30.200.py.2026-07-28-1647; точная копия engine 1613; единый входной фильтр без изменений",host/BMI30.GUI.001.py; без функциональных изменений,"hotspot_info_server.py; radio-варианты off/med3/med5/avg7/avg9/avg11 без числовых префиксов; notice без таблицы номеров","Core Oscilloscope; Portal Tag Detection; live и offline detector/oscilloscope pipeline без изменений","py_compile core/engine/Portal: PASS; AST-проверка Core SERVICE_HTML: шесть option по именам, отсутствие smoothBtn/cycleSmoothing и порядок thresholds→smoothSel→Optimize: PASS; Portal render: шесть именованных radio-вариантов без числовых префиксов и размещение перед Peak Position Limits: PASS; bundle validate/SHA256SUMS и атомарная активация: PASS; Core и Portal active; source/runtime/installed Portal SHA256 совпадают; live Core HTML и headless Firefox screenshot подтверждают именованный select на нужном месте.","Внутренний API и конфигурация по-прежнему хранят устойчивые значения 0–5, но пользователю номера больше не показываются. Активный режим после обновления сохранён как off. Engine и поведение сигналов не изменены. Cloud latest не изменялся.","Обновить Core Oscilloscope и Portal без кэша, раскрыть список и визуально подтвердить удобство прямого выбора названий. Публиковать bundle в cloud latest только отдельным явным действием.",2026-07-28
40,2026-07-28-1613,ПРЕДЫДУЩИЙ локальный полный комплект; заменён 1647; не опубликован,Единое входное сглаживание 0–5 до детектора и осциллограмм,"Добавлен один общий этап сглаживания входного кадра: raw-пакет сначала сохраняется без изменений, затем фильтр применяется ровно один раз, после чего один и тот же обработанный массив поступает в экранные буферы осциллографа и очередь детектора. Реализованы режимы 0 off, 1 med3, 2 med5, 3 avg7, 4 avg9, 5 avg11 по алгоритмам версии 2026-02-16; края кадра сохраняются без изменения. Этот же helper используется при офлайн-воспроизведении raw-записей до их детекции и отображения. Режим сохраняется в detector_channel_settings.smooth_mode, публикуется в /api/status и меняется общей API-командой smoothing.","host/BMI30.001.py.2026-07-28-1613; DEFAULT_ENGINE_FILE обновлён; API/status smoothing; компактная кнопка 0–5 на второй строке Core Oscilloscope между нижним пороговым уровнем и Optimize/DC adaptation","host/BMI30.200.py.2026-07-28-1613; _apply_input_smoothing; med3/med5 и avg7/avg9/avg11; единая точка live/offline до display buffers и detector queue; raw recorder остаётся до фильтра",host/BMI30.GUI.001.py; без функциональных изменений,"hotspot_info_server.py; секция Input Smoothing с шестью режимами на Tag Detection непосредственно перед Peak Position Limits; нормализация, сохранение и передача в Core","Live acquisition; offline raw player; detector; Core Oscilloscope; Portal Tag Detection","py_compile core/engine/Portal: PASS; численное сравнение всех режимов со старым кодом для uint16/int32 и длин 1–2048: PASS; статический порядок raw_record→smoothing→display_buffer→detector_queue: PASS; Portal render: 6 режимов и размещение перед Peak Position Limits: PASS; Core API/config unit checks: PASS; время на 2048 отсчётов: med3 ≈240 мкс, med5 ≈400 мкс, avg7/9/11 ≈45–50 мкс; bundle validate/SHA256SUMS и атомарная активация: PASS; Core и Portal active; live API mode 5 avg11 и возврат mode 0: PASS; source/runtime/installed Portal SHA256 совпадают.","Режим 0 полностью сохраняет прежнее поведение и оставлен активным после проверки. Выбор 1–5 одновременно меняет вход детектора и форму обеих осциллограмм, поэтому уровни шума и рабочие пороги могут потребовать повторной настройки. Raw-записи намеренно не сглаживаются при записи и остаются пригодными для повторного сравнения режимов. Cloud latest не изменялся.","Снять одинаковые raw-сигналы с реальными метками, воспроизвести их в режимах 0–5 и выбрать рабочее сглаживание с последующей проверкой/коррекцией порогов. Публиковать bundle в cloud latest только отдельным явным действием.",2026-07-28
41,2026-07-28-1556,ПРЕДЫДУЩИЙ локальный полный комплект; заменён 1613; не опубликован,Идентификация устройства между Sound и Reset с сохранённой Freeze/AutoFreeze,"На странице Core Oscilloscope добавлена кнопка Identify с собственной SVG-пиктограммой во втором ряду строго между Sound и Reset. По нажатию единая API-команда на 5 секунд запускает штатный адресный STM32-паттерн TEST_DRIP 13 и включает постоянный индикатор GPIO22, после чего возвращает предыдущий ручной адресный паттерн, автоматическое состояние индикации и прежний test-флаг GPIO22. Верхний ряд снова содержит только режимы, Start/Stop и Freeze/AutoFreeze; desktop/mobile сетка имеет 3 ячейки в верхнем и 10 во втором ряду, поэтому кнопки не вытесняются. Для Raspberry Pi 5 lgpio больше не предполагает gpiochip0: перебираются доступные gpiochip и выбирается линия с именем GPIO22; внутренние BCM2712 line 22 не захватываются.",host/BMI30.001.py.2026-07-28-1556; action identify_device; таймер Qt; сохранение и восстановление LED-состояния; SVG-кнопка; раскладка 3/10,host/BMI30.200.py.2026-07-28-1556; автоопределение gpiochip по имени GPIO22; snapshot публикует gpiochip; остальная логика engine без изменений,host/BMI30.GUI.001.py; без функциональных изменений,hotspot_info_server.py; без функциональных изменений; прокси Core API автоматически обслуживает новую команду,Core Oscilloscope во всех режимах; addressable LED; GPIO22 non-addressable LED; Freeze/AutoFreeze; Sound; Reset,"py_compile core/engine/GUI/Portal: PASS; unit state/restore TEST_DRIP и прежнего manual/test state: PASS; статическая проверка порядка Start/Stop→Freeze и Sound→Identify→Reset и desktop/mobile grid 3/10: PASS; bundle validate/SHA256SUMS: PASS; атомарная активация: PASS. Live page: порядок кнопок подтверждён. Live API 5 с: addressable actual/commanded/manual 0→13→0; GPIO22 available=true, backend=lgpio, gpiochip=15, test/level false/0→true/1→false/0; оба состояния восстановлены. Core и Portal active.","TEST_DRIP имеет ID 13 и может быть переопределён BMI30_IDENTIFY_LED_PATTERN; длительность по умолчанию 5 с и может быть переопределена BMI30_IDENTIFY_DURATION_S. Повторный запуск защищён sequence ID; прежний manual pattern и test state восстанавливаются. На Pi 5 выбран именно pinctrl-rp1 gpiochip15 по line name GPIO22. Cloud latest не изменялся.","Обновить страницу осциллографа без кэша и визуально подтвердить удобство пиктограммы между Sound и Reset. Публиковать bundle в cloud latest только отдельным явным действием.",2026-07-28
42,2026-07-28-1553,ПРОМЕЖУТОЧНЫЙ полный комплект; заменён 1556; не публиковать,Freeze восстановлена четырёхколоночным верхним рядом,"После замечания о пропавшей Freeze верхний ряд был расширен до четырёх ячеек: режимы, Start/Stop, Identify, Freeze/AutoFreeze. Одновременно engine получил правильный выбор Pi 5 gpiochip по имени линии GPIO22. Функционально идентификация и GPIO исправны, но окончательное пожелание перенести Identify во второй ряд выполнено только в 1556.",host/BMI30.001.py.2026-07-28-1553; Identify рядом со Start/Stop и Freeze в четырёхколоночной сетке,host/BMI30.200.py.2026-07-28-1553; Pi 5 gpiochip auto-detection по GPIO22,host/BMI30.GUI.001.py; без изменений,hotspot_info_server.py; без изменений,Core Oscilloscope; Freeze/AutoFreeze; addressable LED; GPIO22,"py_compile и layout assertions: PASS; bundle validate/SHA256SUMS и активация: PASS; служба стартовала с lgpio gpiochip15.","Промежуточная раскладка технически исправна, но Identify занимает верхний ряд вопреки итоговому пожеланию пользователя.",Не использовать; использовать активный 2026-07-28-1556.,2026-07-28
43,2026-07-28-1549,ПРОМЕЖУТОЧНЫЙ диагностический комплект; заменён 1553/1556; не публиковать,Первый вариант Identify; обнаружены скрытая Freeze и неверный gpiochip0,"Добавлена единая 5-секундная identify-команда с TEST_DRIP 13 и GPIO22, восстановлением предыдущих состояний и SVG-кнопкой. Live-проверка выявила две проблемы: фиксированная трёхколоночная сетка скрыла четвёртую кнопку Freeze/AutoFreeze, а жёсткий lgpio.gpiochip_open(0) не работал на Raspberry Pi 5, где GPIO22 находится на gpiochip15. Обе проблемы исправлены в последующих версиях.",host/BMI30.001.py.2026-07-28-1549; первый action/button вариант,host/BMI30.200.py.2026-07-28-1549; старый жёсткий gpiochip0,host/BMI30.GUI.001.py; без изменений,hotspot_info_server.py; без изменений,Core Oscilloscope; addressable LED; GPIO22,"py_compile, unit restore и bundle validate: PASS; live выявил Freeze вне видимой строки и non_addressable_led available=false; journal: lgpio can not open gpiochip, RPi.GPIO cannot determine SOC base.","Не использовать на устройстве: адресный тест работает, но постоянный GPIO22 недоступен и Freeze скрыта сеткой.",Использовать активный 2026-07-28-1556.,2026-07-28
44,2026-07-28-1252,ПРЕДЫДУЩИЙ стабильный полный комплект; заменён 1556; не опубликован,"Целые p/t/n, relay в Own optic и единый neighbor selector Off/Any/ID","На странице осциллографа только отображение уровней detector p/t/n изменено на целые числа через Math.round; расчёты, пороги и графики не менялись. На Group Mode подпись Own optic приведена к Own optic → sound/LED/relay. Для RS485 neighbor optics удалена отдельная галочка: один selector содержит Off · ignore neighbor optics, Any current neighbor и точные текущие RS485 ID. Off передаёт neighbor_reaction=false и закрывает только реакцию соседней оптики; Any/ID включают её, а точный ID сохраняет прежнее fail-closed поведение при исчезновении устройства. Сохранены DC numeric de-duplication версии 1238, AutoFreeze и актуальная фильтрация списка группы.",host/BMI30.001.py.2026-07-28-1252; detectorLevelText округляет p/t/n до целых; DC numeric de-duplication 1238 сохранена,host/BMI30.200.py.2026-07-28-1252; парная копия без функциональных изменений; AutoFreeze и optic gate сохранены,host/BMI30.GUI.001.py; без функциональных изменений,hotspot_info_server.py; Own optic → sound/LED/relay; neighbor checkbox заменён единым Off/Any/exact-ID selector; пояснение Off добавлено; installed/source/runtime SHA-256 совпадают,Core Oscilloscope; Group Mode; Own optic gate; RS485 neighbor optic Off/Any/ID; sound/LED/relay; AutoFreeze; DC Work/Acquisition/Detection,"py_compile core/engine/Portal: PASS; Portal render 257788 байт: обе relay-подписи, Off/Any options, отсутствие _groupLocalNeighborReaction: PASS; bundle validate/SHA256SUMS: PASS. Live API: Off применён, core подтвердил neighbor_reaction_enabled=false и neighbor_device_id=null, затем исходные false/null восстановлены. Headless Firefox Group Mode: одна control-панель neighbor с Off, галочки рядом нет, обе relay-подписи видимы. Headless Firefox Oscilloscope после 12 с: реальные p/t/n отображены 112/0/0 и 26/0/0 без дробей.",Off отключает только соседние оптические датчики; собственная оптика остаётся независимой галочкой. Any current neighbor и конкретный ID автоматически включают neighbor reaction. Backend-поля enabled/device_id сохранены для совместимости облачных и старых конфигураций. Список устройств и выбор exact-ID продолжают строиться только по текущим данным группы. Cloud latest не изменялся.,"Обновить Portal без кэша и проверить три состояния selector на рабочем устройстве: Off, Any current neighbor и конкретный RS485 ID. Публиковать полный bundle в cloud latest только отдельным явным действием.",2026-07-28
45,2026-07-28-1238,ПРЕДЫДУЩИЙ стабильный полный комплект; заменён 1252; не опубликован,DC speed: только точное значение Portal и только при изменении settle_ms,"SET_DC_SPEED 0x1F теперь имеет единый источник: точные Work/Acquisition/Detection из Portal. force больше не обходит числовую дедупликацию; одинаковый settle_ms не отправляется повторно при смене профиля, сохранении UI, mode switch или периодической проверке. STOP/mode 0 больше не посылают скрытый 0, lightning/startup не посылают отдельную старую скорость. При новом USB stream сначала читается DCCF: совпадающее значение не повторяется, после reset или отличающегося readback нужное значение восстанавливается один раз. Core выбирает доступную для записи активную конфигурацию и применяет request Portal напрямую, поэтому старая копия /usr/local не может вернуться на следующем переходе детекции.","host/BMI30.001.py.2026-07-28-1238; предыдущий core; numeric settle_ms dedup, reconnect DCCF readback, read-only periodic verify, writable config и direct Portal request",host/BMI30.200.py.2026-07-28-1238; парная копия предыдущего engine без функциональных изменений; AutoFreeze и detector hooks сохранены,host/BMI30.GUI.001.py; без функциональных изменений,hotspot_info_server.py; UI Work/Acquisition/Detection без изменения; значения передаются core как единственный авторитет; установленная и runtime-копии из полного bundle,Mode 5/6/7; Work/Acquisition/Detection; startup/reconnect; Portal Save/Apply; AutoFreeze; Group/RS485 без изменений,"py_compile core/engine/Portal: PASS; bundle validate и SHA256SUMS: PASS; unit: одинаковые 5/5/5 через Work→Acquisition→Detection дают один 0x1F, новый stream с DCCF=5000 даёт 0 команд, reset readback=0 даёт одну, разные 5→7→11→5 дают ровно 7000/11000/5000: PASS. Live API: до/после повторного сохранения 1/1/1 set_at_ms STM32 остался 821626; журнал содержит API-CMD, но не cmd=0x1F/SET_DC_SPEED и не содержит ошибки сохранения. Core/Portal active.","Текущие Portal-значения Work/Acquisition/Detection равны 1 с, поэтому любые их переходы не создают USB-команд. Чтение DCCF при reconnect является read-only. Команда 0x1F появляется только если итоговый settle_ms отличается; старые 100000 ms и скрытые startup/off больше не отправляются. Cloud latest не изменялся.",Для UI-исправлений использовать 2026-07-28-1252. Возврат к 1238 только как rollback интерфейса; cloud публиковать отдельным явным действием.,2026-07-28
46,2026-07-28-1230,ПРОМЕЖУТОЧНЫЙ полный комплект; заменён 1238; не публиковать,Числовая дедупликация SET_DC_SPEED и DCCF-проверка reconnect,"Удалён обход дедупликации через force, STOP/mode 0 перестали посылать off, startup/lightning использует Work, periodic verify стал read-only. Новый stream проверяет DCCF и не повторяет совпадающий settle_ms.",host/BMI30.001.py.2026-07-28-1230; numeric dedup и reconnect readback,host/BMI30.200.py.2026-07-28-1230; парная копия без функциональных изменений,host/BMI30.GUI.001.py; без функциональных изменений,hotspot_info_server.py; без функциональных изменений,Mode 5/6/7; Work/Acquisition/Detection; startup/reconnect,"py_compile, unit и bundle validate: PASS. Краткая live-активация: повтор 1/1/1 не изменил STM32 set_at_ms и не создал 0x1F.","Live-тест обнаружил, что прямой core API выбирал читаемую, но недоступную для записи /usr/local/bin/host/bmi30_config.json; при вызове не через Portal сохранение могло завершиться Permission denied. Исправлено в 1238 выбором writable runtime config и прямым использованием request.",Не использовать и не публиковать; использовать 2026-07-28-1238.,2026-07-28
47,2026-07-27-1415,ПРЕДЫДУЩИЙ стабильный полный комплект; заменён 1238; не опубликован,"Стабильные четыре устройства, выбор конкретной соседней оптики и общий gate sound/LED/relay","Сохранён AutoFreeze 1826 и завершён переход на контракт STM32 1.2.13. Авторитетом присутствия является валидный EVT1 SENSOR_MAP: сервер и JavaScript Portal берут из него текущую маску и сразу исключают RID/LAN-строки вне группы. SNS1 и identity читаются только для ID из этой маски; при старте без карты передаётся пустой список и полный обход 32 EP0 selector больше невозможен. EP0 сериализован, повреждённые STAT v6 отбрасываются по node_count, bit count, local ID, маске SENSOR_MAP и direct-ID байтам. Для RS485 neighbor optics добавлен сохраняемый выбор Any current neighbor или конкретного ID 00–31; исчезновение выбранного устройства закрывает gate без перехода на другой датчик. Единая подпись: RS485 neighbor optics → sound / LED / relay.","host/BMI30.001.py.2026-07-27-1415; предыдущий core; API принимает и публикует neighbor_device_id, диагностику источника карты и gate","host/BMI30.200.py.2026-07-27-1415; AutoFreeze 1826 сохранён; выбор конкретного neighbor ID, fail-closed и подтверждение физической оптики 0,30 с",host/BMI30.GUI.001.py; без функциональных изменений,"hotspot_info_server.py; SENSOR_MAP приоритетнее sync_state, серверная и браузерная фильтрация, exact-ID identity refresh, selector Any/00–31, подпись sound / LED / relay; installed/source/runtime SHA-256 совпадают",Group Mode; RS485 roles/device table; neighbor optic gate; Tag Detection 6/7; sound; addressable LED; GPIO22; будущий relay control; AutoFreeze,"py_compile core/engine/GUI/Portal/usb_stream: PASS; unit: STAT v6 corruption rejection, SENSOR_MAP fallback, strict SNS1, stale RID removal, выбранный ID и Portal mask priority: PASS; bundle validate/SHA256SUMS и атомарная активация: PASS. Два итоговых 20-секундных live-monitor: последний — 373 cache + 75 API выборок, remote_valid/API failures=0, маска только 0x0000000F, remote IDs только 0/1/3. Portal API: total=4, local=2, remote=0/1/3. Headless Firefox: count=4, ids=0,2,1,3, selector options Any/0/1/3, selected=3, точная подпись sound / LED / relay. Live selector: ID 3 применён к core и затем восстановлен в Any. Все identity-запросы после активации содержат device_ids=<list:4>. Обе службы active.",Физического драйвера реле в проекте пока нет: relay в этой версии означает тот же логический разрешающий gate и готовую настройку источника. Для управления реальным реле нужны GPIO/полярность либо команда протокола. Повреждённые ответы EP0 наблюдались на живом устройстве и теперь строго отбрасываются. Cloud latest и firmware archive не изменялись.,Для исправленной передачи DC использовать 2026-07-28-1238. Возврат к 1415 только как rollback остальных функций; публикацию cloud выполнять отдельным явным действием.,2026-07-27
48,2026-07-27-1410,ПРОМЕЖУТОЧНЫЙ полный комплект; заменён 1415; не публиковать,Portal и identity переведены на SENSOR_MAP и четыре текущих ID,SENSOR_MAP получил приоритет над краткими переходами sync_state; server/browser показывают только текущие ID. Portal перестал регулярно читать RID для всех 32 selector и передаёт core четыре ID маски.,host/BMI30.001.py.2026-07-27-1410,host/BMI30.200.py.2026-07-27-1410,host/BMI30.GUI.001.py,hotspot_info_server.py; SENSOR_MAP priority и exact-ID refresh,Group; RS485 identity; optic gate; AutoFreeze без изменений,"20 с: 376 cache + 76 API выборок, failures=0, mask=15, remote=0/1/3. Headless Portal: четыре строки и selector ID 3. Обнаружена последняя стартовая ветка: до прихода карты device_ids мог отсутствовать и core снова выбирал все 32.","Основная runtime-логика исправна, но стартовый fallback полного identity walk закрыт только в 1415.",Не использовать и не публиковать; использовать 2026-07-27-1415.,2026-07-27
49,2026-07-27-1406,ПРОМЕЖУТОЧНЫЙ полный комплект; заменён 1410; не публиковать,SENSOR_MAP стал постоянным авторитетом для SNS1 вместо нестабильного STAT,Exact-ID SNS1 polling использует маску валидного SENSOR_MAP и не очищает карту из-за редких/повреждённых STAT v6. EP0 STAT уменьшен до fallback-периода 2 с.,host/BMI30.001.py.2026-07-27-1406,host/BMI30.200.py.2026-07-27-1406,host/BMI30.GUI.001.py,hotspot_info_server.py; selector и подпись relay уже включены,Group; neighbor optics; sound/LED/relay gate; AutoFreeze,Unit и bundle validate: PASS. Live monitor ещё увидел mask 14/15 из sync_state при полном identity-обходе Portal; причина локализована.,"Portal ещё предпочитал sync_state и запрашивал identity всех 32 ID, что создавало нагрузку EP0.",Не использовать; исправлено в 1410 и окончательно в 1415.,2026-07-27
50,2026-07-27-1402,ПРОМЕЖУТОЧНЫЙ диагностический комплект; заменён 1406; не публиковать,Сериализация EP0 и строгая проверка целостности STAT v6,Все control transfer сведены под общий RLock. STAT v6 принимается только при согласованных mask/node_count/local/direct-ID bytes и совпадении с SENSOR_MAP; повреждённый ответ не перезаписывает sensors.,host/BMI30.001.py.2026-07-27-1402,host/BMI30.200.py.2026-07-27-1402,host/BMI30.GUI.001.py,hotspot_info_server.py; selector sound/LED/relay,USB/RS485 diagnostics; Group; neighbor optic; AutoFreeze,"py_compile, corrupt-STAT unit и bundle validate: PASS. Live monitor подтвердил отбрасывание больших ложных масок, но увидел 14/15 и истечение карты после серии отклонённых STAT.","Диагностический этап: подтвердил, что одного STAT v6 недостаточно; нужен постоянный авторитет SENSOR_MAP.",Не использовать; решение находится в 1406–1415.,2026-07-27
51,2026-07-27-1355,ПРОМЕЖУТОЧНЫЙ диагностический комплект; заменён 1402; не публиковать,Периодический EP0 STAT v6 вместо двухсекундного истечения карты,"Добавлен тихий GET_STATUS 137 байт каждые 0,5 с и сохранение валидных SENSOR_MAP/STAT v6 между bulk STAT v5.",host/BMI30.001.py.2026-07-27-1355,host/BMI30.200.py.2026-07-27-1355,host/BMI30.GUI.001.py,hotspot_info_server.py; selector sound/LED/relay,USB/RS485 diagnostics; Group; neighbor optic; AutoFreeze,Unit и bundle validate: PASS. Live monitor обнаружил повреждённые 137-byte EP0 ответы с масками 240000/16907400/604306544 и несогласованными node_count.,Не использовать: версия важна как воспроизводимый диагностический этап; строгий reject добавлен в 1402.,Не использовать и не публиковать.,2026-07-27
52,2026-07-27-1344,"ПРОМЕЖУТОЧНЫЙ полный комплект; selector готов, polling заменён; не публиковать",Выбор конкретного RS485 neighbor ID и подпись sound / LED / relay,"Добавлен сохраняемый neighbor_device_id, варианты Any current neighbor и текущие ID, fail-closed при исчезновении выбранного узла, API/core/engine/Portal wiring. Bulk STAT v5 больше не перезаписывает SENSOR_MAP.",host/BMI30.001.py.2026-07-27-1344,host/BMI30.200.py.2026-07-27-1344,host/BMI30.GUI.001.py,hotspot_info_server.py; selector Any/ID и подпись RS485 neighbor optics → sound / LED / relay,Group; selected neighbor optic; sound/LED/relay logical gate; AutoFreeze,"Unit selection, Portal API mock и headless Firefox: PASS, count=4, options Any/0/1/3. Live monitor выявил периодический remote_valid=false из-за двухсекундного истечения SENSOR_MAP.","Функция выбора реализована, но комплект не подходит для эксплуатации из-за polling timeout.",Не использовать; итоговая реализация находится в 1415.,2026-07-27
53,2026-07-27-1340,ПРОМЕЖУТОЧНЫЙ диагностический комплект; заменён 1344/1415; не публиковать,Bulk STAT v5 перестал стирать валидную SENSOR_MAP,"Разделены совместимый асинхронный STAT v5 и авторитетные SENSOR_MAP/EP0 STAT v6; v5 обновляет диагностику stat, но не sensors.",host/BMI30.001.py.2026-07-27-1340,host/BMI30.200.py.2026-07-27-1340,host/BMI30.GUI.001.py,hotspot_info_server.py; четыре строки по маске,Group; RS485 protocol; neighbor optic; AutoFreeze,Unit: v5 не перезаписывает SENSOR_MAP — PASS. 20-секундный monitor обнаружил оставшееся истечение карты в poll_rs485_sensors после 2 с.,Диагностическая версия; selector конкретного устройства добавлен позже.,Не использовать; итоговая версия 1415.,2026-07-27
54,2026-07-27-1333,ПРОМЕЖУТОЧНЫЙ полный комплект; заменён 1415; не публиковать,STM32-маска является единственным источником четырёх строк Group; старые LAN ID 10/11 удалены,"Сохранены все исправления 1302 по STM32 1.2.13, строгой проверке SENSOR_MAP/SNS1/RID1, fail-closed соседней оптике и подтверждению 0,30 с. Дополнительно закрыта найденная на живом Portal обходная ветка: LAN discovery видел ещё работающие RPI с ID 10 и 11 и добавлял их к четырём устройствам текущей RS485-группы. Теперь /api/sensors серверно оставляет LAN-метаданные только для ID, чей бит установлен в актуальном sync_seen_mask. JavaScript независимо применяет то же правило: LAN может дополнить имя/IP существующей строки, но не создать строку вне маски. При нулевой известной маске удалённые строки также не сохраняются. AutoFreeze 1826 не изменён.",host/BMI30.001.py.2026-07-27-1333; активный core; диагностика валидности RS485/neighbor gate из 1302,host/BMI30.200.py.2026-07-27-1333; AutoFreeze 1826 и neighbor-optic guard 1302 без изменений,host/BMI30.GUI.001.py; без изменений,hotspot_info_server.py; двойная фильтрация по sync_seen_mask в /api/sensors и _buildGroupDevices; LAN используется только для обогащения актуальных строк,Group Mode; RS485 roles/device table; optic gate; Tag Detection 6/7; sound/LED; AutoFreeze сохранён,"py_compile core/engine/GUI/Portal/usb_stream: PASS; server LAN-mask test: mask 0x0F оставляет LAN ID 0/1/3 и удаляет 10/11/unassigned, mask 0 удаляет все: PASS; полный тест STAT v6, SENSOR_MAP, строгих SNS1/RID1, удаления stale ID, 0,30-секундного neighbor confirmation и Portal: PASS; реальный JavaScript Portal в headless Firefox на наборе RS485 0/1/2/3 + LAN 10/11 вернул count=4, IDs 0/2/1/3. Bundle validate, SHA256SUMS и атомарная активация: PASS; обе службы active. Живой STM32: firmware 1.2.13, SENSOR_MAP mask=0x0000000F, local S02, remote 0/1/3; авторитетный RID1 содержит 0–3. После 1333 /api/sensors не отдаёт LAN 10/11 и итог таблицы равен 4.","Потоковый STAT v5 len=136 остаётся только совместимостью; присутствие берётся из SENSOR_MAP/STAT v6. Физическое отключение узла в этой сессии не выполнялось, поэтому время исчезновения около 1 с подтверждено контрактом STM32 и unit-проверкой, а не отключением кабеля. Cloud latest не обновлялся; таймер облачного обновления остановлен, чтобы старая версия не откатила локальный комплект.","Не использовать как рабочий; все исправления списка, протокола и выбранной оптики включены в 2026-07-27-1415.",2026-07-27
55,2026-07-27-1325,ПРОМЕЖУТОЧНЫЙ полный комплект; заменён 1333; не публиковать,Browser-таблица перестала добавлять LAN ID 10/11 вне STM32-маски,"После сообщения пользователя о шести строках установлено, что корректные RS485 ID 0/1/2/3 объединялись с живыми LAN-узлами 10 и 11. В _buildGroupDevices удалённые remote/identity/LAN rows фильтруются по sync_seen_mask; LAN разрешено только обогащать совпавшую строку и запрещено подменять физические sensor bits при известной маске.",host/BMI30.001.py.2026-07-27-1325; функционально равен 1302,host/BMI30.200.py.2026-07-27-1325; функционально равен 1302,host/BMI30.GUI.001.py; без изменений,hotspot_info_server.py; browser-side authoritative sync_seen_mask,Group Mode; остальные режимы и AutoFreeze без изменения,"py_compile и bundle validate: PASS; headless Firefox с RS485 0/1/2/3 и LAN 10/11 показал count=4, IDs 0/2/1/3; активация и службы: PASS.","Исправление находилось только в новом JavaScript страницы; уже открытая старая страница могла продолжать добавлять 10/11 до полной перезагрузки. Поэтому комплект сразу заменён 1333, где фильтрация выполняется также сервером API.",Не использовать и не публиковать; рабочая версия 2026-07-27-1415.,2026-07-27
56,2026-07-27-1302,ПРОМЕЖУТОЧНЫЙ полный комплект; основа 1333; не публиковать,Защита от ложной соседней оптики и всегда актуальный список устройств группы по STM32 1.2.13,"Хост приведён к обновлённому README_VENDOR_HOST.md и контракту STM32 1.2.13. EP0 STAT запрашивается длиной 137 байт; таблица v6 и EVT1 SENSOR_MAP трактуются как direct-ID. Единственный источник присутствия — текущий sync_seen_mask: RID1 остаётся только кэшем идентичности и не может удерживать исчезнувшее устройство в таблице. SENSOR_MAP проверяется по версии, node_count, local bit, маске и соответствию ID каждой строки; SNS1/RID1 принимаются только при точном совпадении запрошенного selector. Полный RID1 scan авторитетно заменяет старый список и удаляет отсутствующие ID. Для соседней оптики используются только свежие валидированные физические биты; неизвестные/старые данные закрывают gate, а положительное состояние подтверждается непрерывно не менее 0,30 с, поэтому одиночный ошибочный опрос не запускает sound/LED. AutoFreeze и остальная логика версии 1826 сохранены.","host/BMI30.001.py.2026-07-27-1302; core; диагностика neighbor_confirmed, gate reason и источника RS485","host/BMI30.200.py.2026-07-27-1302; база AutoFreeze 1826; fail-closed neighbor optic и подтверждение 0,30 с",host/BMI30.GUI.001.py; без изменений относительно 1826,"hotspot_info_server.py; таблица группы фильтрует identity/sensor rows строго по текущей sync_seen_mask, включая нулевую маску; установленная копия SHA-256 36203908e7f0…; host/usb_vendor/usb_stream.py SHA-256 06311467e58b…",Group Mode; RS485 roles/device table; optic gate; Tag Detection 6/7; sound; LED; AutoFreeze сохранён,"py_compile core/engine/GUI/Portal/usb_stream: PASS; отдельный тест STAT v6, строгих SNS1/RID1, SENSOR_MAP, удаления stale ID, портального фильтра и 0,30-секундного подтверждения: PASS; bundle validate и SHA256SUMS: PASS; атомарная активация: PASS; bmi30-core и bmi30-hotspot-info active. Живой EP0 вернул STAT len=137; потоковый STAT v5 len=136 оставлен только для совместимости. Живой SENSOR_MAP валиден: mask=0x0000000F, local S02, remote ID 0/1/3, remote_valid=true, source=evt1_sensor_map. Шесть последовательных выборок дали тот же список; авторитетный RID1 cache содержит только 0–3. API: neighbor_confirmed=false, gate reason=inactive при неактивной оптике. Portal source/runtime/installed SHA совпадают.","Строгая протокольная часть исправна, но живой Portal выявил отдельную UI-проблему: LAN discovery добавлял узлы 10/11 вне mask 0x0F. Исправлено сначала в 1325, окончательно на сервере и в браузере — в 1333. Комплект и cloud latest не публиковались.",Не использовать как рабочий; все исправления включены в 2026-07-27-1415.,2026-07-27
57,2026-07-24-1826,ПРЕДЫДУЩИЙ полный комплект; восстановлен из облачной копии; база текущего исправления,AutoFreeze сохраняет точный последний полный кадр детектора,"AutoFreeze сохраняет обе сырые пары антенн и оба detector product с ID кадра детектора. Раздельные upper/lower fire между опросами не объединяются искусственно: побеждает последнее полное событие; одновременное событие допускается только при одинаковом detector-frame ID. Gate, noise, threshold, maximum и sample фиксируются на момент события. Этот полный комплект был восстановлен после непреднамеренного отката на более старую облачную версию, пользователь подтвердил возврат пропавших функций; затем он использован без потери AutoFreeze как основа 2026-07-27-1302.",host/BMI30.001.py.2026-07-24-1826,host/BMI30.200.py.2026-07-24-1826; точный latest detector frame и AutoFreeze,host/BMI30.GUI.001.py,hotspot_info_server.py из полного bundle 1826,AutoFreeze; Tag Detection 6/7; player/oscilloscope; исходная Group/RS485 логика,bundle validate и SHA256SUMS: PASS; атомарное восстановление и запуск core/Portal: PASS; пользователь подтвердил восстановление функций AutoFreeze. После восстановления API был connected и активным комплектом являлся 1826.,Исходная Group/RS485 логика 1826 ещё доверяла неоднозначным старым полям и могла сохранять лишние устройства; для эксплуатации заменена 2026-07-27-1333. Сам AutoFreeze перенесён без изменений.,Использовать как точку отката AutoFreeze; рабочая версия со всеми исправлениями — 2026-07-27-1415.,2026-07-27
58,2026-07-24-1530,АРХИВНЫЙ локальный полный комплект; аппаратно проверен; не опубликован,Тестовые галочки удерживают двухтонный аппаратный звук до ручного выключения; исправлены права live-конфигурации,"Явный Test Upper/Lower получил приоритет над обычной очисткой выходов детектора и закрытым optic gate: цикл детекции больше не сбрасывает тестовую галочку и не выключает повторяющуюся пару, пока пользователь сам не снимет тест. Detector sound вне теста по-прежнему зависит от detector HOLD и выбранных optic gate. Веб-страница отправляет одну команду на переключение checkbox вместо двух событий input+change. Активация полного bundle теперь обязательно возвращает активному bmi30_config.json владельца workspace-пользователя и режим 0644 перед запуском Core, поэтому live apply может сохранять LCD и остальные настройки.",host/BMI30.001.py.2026-07-24-1530; active core; DEFAULT_ENGINE_FILE указывает на парный engine 1530,host/BMI30.200.py.2026-07-24-1530; hardware-only alternating pair и защита explicit test от detector/optic cleanup,host/BMI30.GUI.001.py; без изменений,hotspot_info_server.py; один change-запрос для checkbox; source/runtime/installed SHA-256 608501672c1b…,Test Upper/Lower; Tag Detection sound; optic gate; LCD role overlay live apply; bundle activation,"py_compile core/engine/Portal: PASS; bash -n switcher и creator: PASS; bundle validate/SHA256SUMS и атомарная активация: PASS; обе службы active. Test Upper оставался test_enabled=true, output_active=true и PWM enable=1 через 4 секунды и многократные циклы детектора; Test Lower оставался активным через 3 секунды с теми же признаками. После каждой проверки явное выключение дало PWM enable=0 и duty=0. LCD role overlay после активации вернул applied=true, persisted=true. Активный config: techaid:techaid 0644. Portal source/runtime/installed SHA совпадают.",В облако не публиковалось. Cloud latest остаётся на ранее восстановленной рабочей версии 2026-07-23-1841. Тестовые флаги намеренно не сохраняются после перезапуска; обычный Sound Enabled сохраняется отдельно.,Обновить страницу без кэша и физически проверить: Test Upper или Test Lower должен непрерывно повторять пару 150+150 мс до снятия той же галочки. Затем проверить реальную детекцию и решить вопрос публикации отдельно.,2026-07-24
59,2026-07-24-1503,ПРЕДЫДУЩИЙ локальный комплект; заменён исправлением 1530; не опубликован,Восстановлены сегодняшние изменения: чистая аппаратная двухтоновая пара 150+150 мс,"Из сохранённого комплекта 1245 создана новая нейтральная парная версия. Единственный аппаратный PWM0 GPIO12 повторяет базовый тон 150 мс и phase-тон 150 мс без программного PWM. Minimum tone cycles задерживает запуск короткой детекции, Minimum sound продлевает уже начатый звук. Sound и LED управляются детектором независимо своими Enabled; Test Upper/Lower взаимоисключающие. Portal сохраняет отдельные настройки и повторяет только отказавший шаг live apply один раз с точным сообщением об ошибке.",host/BMI30.001.py.2026-07-24-1503; previous core; DEFAULT_ENGINE_FILE указывает на парный engine 1503,"host/BMI30.200.py.2026-07-24-1503; hardware-only alternating_base_phase, tone_segment_ms=150",host/BMI30.GUI.001.py; без изменений,hotspot_info_server.py; установленная и runtime-копии совпадали с source по SHA-256 7516cde4d814…,Tag Detection sound/LED; optic gate local/RS485 neighbor; Operation live apply; Group без изменения,"py_compile и логические проверки: PASS; bundle validate и атомарная активация с сохранением конфигурации: PASS; аппаратная двухтоновая последовательность подтверждена. Последующая проверка веб-галочек обнаружила, что обычная очистка detector output сбрасывала explicit test на ближайшем цикле, поэтому звучал только короткий фрагмент.",В облако не публиковалось. Комплект сохранён как предыдущее состояние; дефект удержания теста и прав активной конфигурации исправлен в 1530.,Использовать для текущей проверки 2026-07-24-1530.,2026-07-24
60,2026-07-24-1245,СОХРАНЁННЫЙ экспериментальный комплект; не активен; не публиковать,Попытка вернуть аппаратную двухтоновую пару 150+150 мс,"На основе 1217 подготовлен независимый edge-started цикл: базовый тон 150 мс и phase-тон 150 мс должны повторяться без паузы до окончания detector HOLD; Minimum tone cycles задерживает запуск, Minimum sound продлевает только звук; LED остаётся независимым. Test Upper/Lower переведены на ту же двухтоновую пару. В Portal добавлен один ограниченный повтор отказавшего live-apply шага и точное имя ошибки вместо общего сообщения.","host/BMI30.001.py.2026-07-24-1245; pattern=alternating_base_phase, tone_segment_ms=150",host/BMI30.200.py.2026-07-24-1245; сохранённая экспериментальная реализация двухтонового hardware worker,host/BMI30.GUI.001.py; без изменений,hotspot_info_server.py; сохранены Minimum sound/Minimum tone cycles и bounded retry live apply,Экспериментальный Tag Detection sound; Portal Operation apply,"py_compile: PASS; AST/unit scheduler подтвердил последовательность base/phase и интервалы: PASS; bundle validate и атомарная локальная активация: PASS; живой sysfs-тест выявил незавершённый дефект: period переключился на 250000, но duty/enable остались 0, поэтому звук не появился. После запроса пользователя выполнен rollback на 1841.","Не публиковать и не использовать как latest. Комплект сохранён, чтобы вернуться к диагностике sysfs-перехода после отдельного решения пользователя.",При возобновлении работы сначала добавить явное логирование OSError каждого period/duty/enable write и воспроизвести переход в изолированном hardware-тесте; только после акустического подтверждения создавать следующий bundle.,2026-07-24
61,2026-07-24-1217,ОТОЗВАННЫЙ экспериментальный комплект; не активен; не публиковать,Чистый аппаратный одиночный тон с фильтром коротких детекций,"Звук полностью переведён на единственный аппаратный PWM0_CHAN0 GPIO12 без программного fallback. На фронте подтверждённой детекции фиксируется одна phase-зависимая частота и больше не обновляется в каждом цикле. Minimum tone cycles считает последовательные принятые циклы расчёта detector/phase до разрешения старта PWM: короткая детекция до порога остаётся беззвучной. Minimum sound, ms продлевает только уже запущенный тон после окончания детекции. Test Upper и Test Lower взаимоисключающие и удерживают один стабильный аппаратный тон до снятия галочки. Звук и LED остаются двумя независимыми выходами детектора с отдельными Enabled; звуковой фильтр и минимальная длительность не меняют LED. API публикует backend, hardware_only, available, output_active и filter_cycles. Активация комплекта настраивает dtoverlay=pwm,pin=12,func=4, udev-доступ и проверяет аппаратный канал до запуска core.",host/bmi30_active_runtime/project/host/BMI30.001.py.2026-07-24-1217; новые звуковые поля и явный статус аппаратного PWM,"host/bmi30_active_runtime/project/host/BMI30.200.py.2026-07-24-1217; edge-driven HOLD, фильтр старта, минимальная длительность, hardware-only PwmBeeper, стабильные тестовые тоны",host/bmi30_active_runtime/project/host/BMI30.GUI.001.py; без изменений,"host/bmi30_active_runtime/project/hotspot_info_server.py; поля Minimum sound, ms и Minimum tone cycles; взаимоисключение тестов; отдельный LED Enabled сохранён; live /usr/local/bin/bmi30-hotspot-info-server.py",Tag Detection 6+; phase sound; optic gate; GPIO22 и addressable LED независимо; Group/RS485 и режимы 0–5 без изменения,"py_compile core/engine/Portal: PASS; bash -n switcher/bundle creator: PASS; AST/unit: детекция короче 3 циклов не запускает PWM, третий цикл запускает один тон, ранний stop ждёт Minimum sound и затем останавливает, Upper/Lower взаимоисключающие, LED-код не зависит от sound: PASS; software PWM fallback отсутствует: PASS; bundle validate и SHA256SUMS: PASS; атомарная активация с сохранением локальной конфигурации: PASS; bmi30-core и Portal active; API: engine 1217, backend=hw_pwm, hardware_only=true, available=true. Короткие аппаратные тесты по 80 мс: Upper period=250000/duty=125000/enable=1 (4000 Гц), Lower period=1000000/duty=500000/enable=1 (1000 Гц), финал duty=0/enable=0. Обе test-галочки финально false. Source/active/installed Portal SHA-256 совпадает a0e66728a22a…. LED Enabled=true и sound Enabled=true сохранены независимо; при отсутствии detector HOLD оба фактических выхода выключены.","Функционально отклонён пользователем: при детекции нужен повторяющийся двойной звук base 150 мс + phase 150 мс, а 1217 выдаёт одиночный phase-тон. Загруженный архив 1217 оставлен неактивным; cloud latest возвращён на 1841 и проверен чтением marker.",Не публиковать. Для эксплуатации активирован 2026-07-23-1841; к эксперименту возвращаться только через сохранённый 1245 или новую копию.,2026-07-24
62,2026-07-24-1159,промежуточный полный комплект; аппаратно проверен; не публиковать,Переход с программного lgpio PWM на чистый аппаратный PWM0,"Убрана причина хрипа: повторяющиеся 150-мс шаблоны и software-timed lgpio.tx_pwm заменены одним непрерывным phase-зависимым тоном на весь detector HOLD. PwmBeeper использует только Linux PWM subsystem /sys/class/pwm/pwmchip0/pwm0; программные fallback запрещены. Switcher и bundle manifest подготавливают PWM0 GPIO12, udev-права и только после проверки запускают core. Эта версия стала проверенной аппаратной основой, но была сразу дополнена настройками фильтра/длительности и исправлением тестов в 1217.",host/BMI30.001.py.2026-07-24-1159,host/BMI30.200.py.2026-07-24-1159; hardware-only PWM0 и edge-driven HOLD,host/BMI30.GUI.001.py; без изменений,hotspot_info_server.py на момент снимка; заменён Portal из 1217,Tag Detection sound; hardware PWM activation,"py_compile и bundle validate: PASS; cold export PWM: period=500000, duty=250000, enable=1; pinctrl GPIO12=a0 PWM0_CHAN0; после stop duty=0/enable=0; пользователь подтвердил чистый тестовый тон; активировался как полный bundle с сохранением настроек.","Не публиковать как latest: в нём ещё нет Minimum tone cycles, Minimum sound и окончательного взаимоисключения Test Upper/Lower. Все исправления включены в 1217.",Использовать и публиковать только 2026-07-24-1217 или новее.,2026-07-24
63,2026-07-23-1841,АРХИВНЫЙ полный комплект; аппаратно проверен; заменён более новыми версиями,"Собственная и соседняя RS485-оптика раздельно управляют sound/LED, таблица показывает сырой датчик каждого устройства","Group-таблица больше не подменяет собственный optic общим indication/any/master-флагом и не перезаписывает строку master объединённым состоянием. Для всех видимых RS485 ID добавлен фоновый EP0 0x43 GET_RS485_SENSOR: точные SNS1-состояния optic, DetADC1 и DetADC2 читаются примерно каждые 0,2 секунды даже при несовместимом хвосте STAT v5. Вместо одной неоднозначной галочки добавлены две независимые настройки Own optic → sound/LED и RS485 neighbor optics → sound/LED. Если включены обе, источники объединяются логическим OR; если обе выключены, сохраняется прежняя работа без optic gate. Gate применяется к старту и удержанию звука, адресным LED и простому GPIO22, но не скрывает DetADC/осциллограф. Настройки сохраняются отдельно в bmi30_config.json. При изменении выбранного optic во время detector HOLD выходы выключаются и снова включаются по фронту.",host/bmi30_active_runtime/project/host/BMI30.001.py.2026-07-23-1841; API принимает local/neighbor gate раздельно и публикует их live-статус,"host/bmi30_active_runtime/project/host/BMI30.200.py.2026-07-23-1841; OR-gate sound/addressable LED/GPIO22, edge restart при активном HOLD, сохранение двух настроек",host/bmi30_active_runtime/project/host/BMI30.GUI.001.py; без изменений,"host/bmi30_active_runtime/project/hotspot_info_server.py; одна Group-таблица, сырой own optic и две отдельные строки gate; live /usr/local/bin/bmi30-hotspot-info-server.py",Group Mode; optic; RS485 SNS1; Tag Detection sound; addressable LED; GPIO22; DetADC1/2; режимы 0–5 и осциллограф без изменения,"py_compile core/engine/Portal/usb_stream: PASS; JSON config: PASS; synthetic SNS1 parser и опрос ID с исключением local ID: PASS; таблица OR для local/neighbor: PASS 8/8; unit detection outputs: DetADC остаётся опубликован, LED/sound запрещаются gate и возобновляются по фронту: PASS; Portal render: одна group-matrix, две строки gate, own EVT1 имеет приоритет, master overwrite отсутствует: PASS; bundle validate и SHA256SUMS: PASS; атомарная активация: PASS; обе службы active; installed Portal SHA совпадает с release manifest; live /api/sensors после авторизации: local S02 optic=false, четыре remote SNS1 ID 00/01/03/10, optic=true у S03, DetADC1/2=true у M00; remote cache age около 0,2 с. Аппаратная gate-проверка при detector hold0=true/hold1=true: neighbor-only при S03 optic=true дал reaction_gate_allowed=true и GPIO22 level=1; local-only при S02 optic=false дал reaction_gate_allowed=false, led_detection_allowed=false, addressable pattern=0 и GPIO22 level=0. Тестовые галочки возвращены false/false.","Звук пользователя во время проверки был выключен, поэтому акустически его не включали; общий код остановки/повторного запуска звука прошёл unit-проверку, а тот же live gate аппаратно подтверждён на обоих LED-путях. Настройки применяются локально: чтобы соседнее устройство само реагировало на сеть, этот bundle надо установить и на него.",Использовать только для исторического сравнения; для эксплуатации — 2026-07-27-1302.,2026-07-23
64,2026-07-23-1829,диагностический полный комплект; не публиковать,Найдена последняя обходная ветка GPIO22,"Первый полный вариант исправил собственный optic, SNS1 и две настройки, но аппаратный тест обнаружил, что обновление текстовой runtime-легенды напрямую повторно включало GPIO22 после запрета основным gate. Эта точка сохранена только как доказательство найденной причины; в 1841 прямой вызов также пропущен через общий optic gate.",host/bmi30_active_runtime/project/host/BMI30.001.py.2026-07-23-1829,host/bmi30_active_runtime/project/host/BMI30.200.py.2026-07-23-1829; не использовать как рабочую из-за обхода GPIO22,host/bmi30_active_runtime/project/host/BMI30.GUI.001.py,host/bmi30_active_runtime/project/hotspot_info_server.py,Group Mode; диагностика LED gate,"Синтаксис, unit-тесты и bundle validate: PASS; live local-only gate при optic=false дал addressable led_detection_allowed=false, но non_addressable_led level оставался 1 из-за _set_runtime_legend → _set_det_gpio: дефект воспроизведён.",Не публиковать и не выбирать для эксплуатации; исправление находится в следующем полном bundle 1841.,Использовать только 2026-07-23-1841 или новее.,2026-07-23
65,2026-07-23-1610-group-sensor-live,АКТИВНЫЙ полный комплект; опубликован в облако,Живое состояние оптики и двух каналов ADC у каждого реально доступного устройства,"Устранены три причины неподвижных значений в групповой таблице. Локальное состояние больше не перезаписывается устаревшей LAN-копией того же RPI. Полное mDNS/LAN-обнаружение отделено от быстрого фонового опроса известных устройств: optic_active, optic_indication_allow, DetADC1/2 и TX обновляются примерно каждые 0,5 секунды; для старых Portal защищённая сессия получает cookie из 303 без загрузки тяжёлой HTML-страницы. Public group_state и legacy /api/sensors имеют fallback с events.optic_state на device.local. Движок теперь публикует удерживаемую программную детекцию ADC0/ADC1 через USB set_det_adc как RS485 DetADC1/DetADC2 и сбрасывает оба бита после окончания hold; повторные одинаковые команды подавляются, а после замены USB stream состояние отправляется заново.",host/bmi30_active_runtime/project/host/BMI30.001.py.2026-07-23-1610-group-sensor-live; алгоритм core без изменения,host/bmi30_active_runtime/project/host/BMI30.200.py.2026-07-23-1610-group-sensor-live; добавлена публикация detection hold в set_det_adc/RS485 status,host/bmi30_active_runtime/project/host/BMI30.GUI.001.py; без изменений,host/bmi30_active_runtime/project/hotspot_info_server.py; live /usr/local/bin/bmi30-hotspot-info-server.py,Group Mode; optic; ADC0/ADC1 tag detection; RS485 DetADC1/2; остальные режимы без изменения,"py_compile core, engine и Portal: PASS; bundle validate и SHA256SUMS: PASS; быстрый вход и чтение sensor JSON четырёх legacy-устройств стабильно 0,03–0,18 с; три последовательных цикла вернули полный optic/DetADC/TX каждого RPI; live фоновый кэш восьми циклов имел возраст 0,03–0,46 с и показывал активный optic=true на 7AA5CED27/S03; локальный RPI исключён из LAN-кэша и остаётся отдельной live-колонкой; unit engine set_det_adc: состояния 01 и 11 дают bits=1/3, дубль не отправляется, новый USB stream получает состояние повторно; unit detection outputs: active ADC0 → bits=1, окончание hold → bits=0; после активации journal подтвердил реальную USB-команду cmd=0x3C n=2; core и Portal active; публичный group_state содержит optic/DetADC1/2/TX; Google Drive upload: PASS; remote marker подтверждает bundle 1610, размер и MD5 удалённого архива совпали с локальным.","Четыре соседних RPI на момент проверки ещё работают на старом bundle 2026-07-23-1415. Страница на них не содержит исправленной live-логики, пока они не установят последнюю облачную версию. На обновлённом E29805C7C/192.168.0.153 уже работает совместимый быстрый опрос старых соседей. Реальное срабатывание ADC после изменения движка следует подтвердить физическим сигналом; программный путь, команда USB и сброс проверены.","На 05AB38E6A/.173, 7AA5CED27/.163, C9775FBAE/.154 и D5EB8F26C/.114 выполнить меню 17 «Проверить и установить последнюю прошивку из облака». Затем открыть Group на любом устройстве, обновить страницу и физически проверить перенос ON для оптики и DetADC1/2 в колонку сработавшего RPI.",2026-07-23
66,2026-07-23-1526-group-live-optic,АКТИВНЫЙ полный комплект; опубликован в облако,Реальные устройства без повторов и отдельное оптическое состояние каждого RPI/RS485 ID,"Сохранена строгая фильтрация доступных устройств: mDNS/ip-neigh являются кандидатами до успешного /api/status; LAN-кэш имеет TTL; устаревшие RS485 записи без local/seen/online/recent скрываются; RS485 и LAN представления объединяются по RPI ID/IP. Исправлен источник датчиков группы. Host проверяет согласованность хвоста STAT v5 со свежим EVT1 sync_state и больше не принимает таймеры/счётчики несовместимого 136-байтового пакета за sync_status_bytes. Валидный STAT v6 остаётся основным прямым источником. Для legacy v5 Portal читает локальные optic_active, optic_indication_allow, DetADC1/2 и TX у соответствующего RPI через его Portal и привязывает к колонке по полному RPI ID/IP. Публичный /api/status новых версий содержит безопасный group_state; старые соседние Portal читаются через защищённую сессию. Цикл группового состояния сокращён до 5 секунд. Строка Identity status и сообщения RPI ID via LAN only полностью удалены.",host/bmi30_active_runtime/project/host/BMI30.001.py.2026-07-23-1526-group-live-optic; алгоритм core без изменения,host/bmi30_active_runtime/project/host/BMI30.200.py.2026-07-23-1526-group-live-optic; алгоритм обработки сигнала без изменений,host/bmi30_active_runtime/project/host/BMI30.GUI.001.py; без изменений,host/bmi30_active_runtime/project/hotspot_info_server.py; live /usr/local/bin/bmi30-hotspot-info-server.py,Group Mode; LAN/RS485 discovery; optic/DetADC/TX статусы; остальные режимы без изменения,"Синтаксис core, engine, GUI, Portal и usb_stream: PASS; captured real STAT v5 с ложными mask/count отвергнут unit-тестом; synthetic valid STAT v6 правильно разложил optic/DetADC по ID 00..03; LAN optic merge unit: PASS; live прямое чтение пяти RPI подтвердило S01=false, S03=true, M00=false, S10=false, S02=false; после установки таблица вернула ровно эти пять состояний, уникальных RPI ID=5, уникальных IP=5; два последовательных цикла обновили timestamp и сохранили правильную привязку; строки Identity status нет; bundle validate и все SHA256SUMS: PASS; атомарная активация: PASS; обе службы запущены.","Подключённый сейчас активный оптический датчик обнаружен на 7AA5CED27, IP 192.168.0.163, S03. Текущая локальная STM32 сообщает STAT version 5 с несовместимым хвостом; случайные значения этого хвоста теперь не отображаются. После перехода STM32 на согласованный STAT v6 Portal автоматически использует прямую RS485-таблицу без legacy LAN-совместимости.","В Group Mode проверить колонку 7AA5CED27/S03: State optic и Optic sensor должны показывать ON. Переключить датчик на любом другом устройстве и убедиться, что ON переходит в его колонку в следующем цикле, обычно за 5–10 секунд. Затем обновить STM32 до корректного STAT v6 для прямого быстрого RS485-обновления.",2026-07-23
67,2026-07-23-1510-group-live-dedup-clean,АКТИВНЫЙ полный комплект; опубликован в облако,"Только реальные доступные устройства, без повторов и без технической строки Identity status","mDNS и ip-neigh используются только как кандидаты: устройство показывается после текущего успешного /api/status с собственным hostname BMI30-XXXXXXXXX. LAN-кэш ограничен по времени и возвращает только api_ok=true, online=true. Старые RS485/RID1 записи без local/seen/online/recent не попадают в таблицу. RS485 и LAN представления одной физической платы объединяются по полному RPI ID, затем по IP, затем по уникальному RS485 ID. Техническая строка Identity status полностью удалена вместе с сообщениями RPI ID via LAN only, RPI ID not published и RPI ID unavailable. В таблице остаются RPI ID, роль, назначение роли, RS485 ID, STM32 UID, IP и рабочие состояния.",host/bmi30_active_runtime/project/host/BMI30.001.py.2026-07-23-1510-group-live-dedup-clean; алгоритм core без изменения,host/bmi30_active_runtime/project/host/BMI30.200.py.2026-07-23-1510-group-live-dedup-clean; алгоритм обработки сигнала без изменений,host/bmi30_active_runtime/project/host/BMI30.GUI.001.py; без изменений,host/bmi30_active_runtime/project/hotspot_info_server.py; live /usr/local/bin/bmi30-hotspot-info-server.py,Group Mode; обнаружение LAN/RS485; остальные режимы без изменения,"Синтаксис core, engine, GUI и Portal: PASS; unit strict LAN probe и TTL кэша: PASS; до исправления подтверждены ложные S04/S08/S11/S15 с recent=false, seen=false, online=false; live после исправления: ровно 5 уникальных устройств 05AB38E6A/192.168.0.173/S01, 7AA5CED27/192.168.0.163/S03, C9775FBAE/192.168.0.154/M00, D5EB8F26C/192.168.0.114/S10, E29805C7C/192.168.0.153/S02; дубли RPI ID=0, дубли IP=0; одна group-matrix, строки assignment/Identity status нет, сообщений RPI ID via LAN only нет; bundle validate и все SHA256SUMS: PASS; атомарная активация: PASS; обе службы запущены.","Сырые диагностические данные core могут хранить старые RID1-слоты, но без текущего признака присутствия они больше не отображаются. Отключённое LAN-устройство исчезает после следующего обнаружения и TTL кэша, обычно за 20–50 секунд.","Обновить Group Mode в браузере. При проверке отключить одно устройство и убедиться, что его колонка исчезает максимум за 50 секунд, затем подключить обратно и проверить повторное появление без дубликата.",2026-07-23
68,2026-07-23-1503-group-live-dedup,АКТИВНЫЙ полный комплект; опубликован в облако,"В Group Devices показываются только реально отвечающие устройства, без повторных строк RS485/LAN","Устранены три причины ложных строк. mDNS и ip-neigh теперь используются только как кандидаты: устройство показывается лишь после текущего успешного ответа /api/status, причём ответ должен сам содержать корректный hostname BMI30-XXXXXXXXX. LAN-кэш имеет ограниченный срок жизни и отдаёт только api_ok=true, online=true. RS485-строки допускаются в таблицу только при текущем local/seen/online/recent=true; старые неполные RID1-записи исключаются. Представления одной физической платы по RS485 и LAN объединяются сначала по полному RPI ID, затем по одинаковому IP и только затем по уникальному RS485 ID. Это устраняет дополнительную анонимную строку при конфликтующих ID.",host/bmi30_active_runtime/project/host/BMI30.001.py.2026-07-23-1503-group-live-dedup; алгоритм core без изменения,host/bmi30_active_runtime/project/host/BMI30.200.py.2026-07-23-1503-group-live-dedup; алгоритм обработки сигнала без изменений,host/bmi30_active_runtime/project/host/BMI30.GUI.001.py; без изменений,host/bmi30_active_runtime/project/hotspot_info_server.py; live /usr/local/bin/bmi30-hotspot-info-server.py,Group Mode; обнаружение LAN/RS485; остальные режимы без изменения,"Синтаксис core, engine, GUI и Portal: PASS; unit strict LAN probe: offline mDNS, чужой JSON и просроченный кэш отбрасываются, отвечающий BMI30 принимается; live до исправления подтвердил ложные S04/S08/S11/S15 с recent=false, seen=false, online=false; live после исправления и активации: ровно 5 доступных устройств 05AB38E6A/192.168.0.173/S01, 7AA5CED27/192.168.0.163/S03, C9775FBAE/192.168.0.154/M00, D5EB8F26C/192.168.0.114/S10, E29805C7C/192.168.0.153; уникальных RPI ID=5, уникальных IP=5, повторов=0; source/active/installed Portal SHA-256 совпадает 4a3d93ab65a1…; bundle validate и все SHA256SUMS: PASS; атомарная активация: PASS; обе службы запущены.","Сырые диагностические данные core могут продолжать хранить старые RID1-слоты, но интерфейс их больше не показывает без текущего признака присутствия. Если устройство действительно отключится, оно исчезнет после следующего цикла обнаружения и истечения LAN-кэша, обычно за 20–50 секунд.","Обновить Group Mode в браузере без старого кэша и сверить пять строк. При отключении одного устройства проверить, что его строка исчезает максимум за 50 секунд; при повторном подключении появляется после успешного /api/status.",2026-07-23
69,2026-07-23-1415-group-device-map,АКТИВНЫЙ полный комплект; опубликован в облако,"Одна таблица Group Devices показывает всю карту реально доступных устройств, назначенные роли, RS485 ID и IP подключения","Завершена единая таблица Group Mode без отдельной верхней таблицы и без строки RPI number. Нередактируемый RPI ID автоматически берётся как полный 9-символьный hex-suffix hostname BMI30-XXXXXXXXX. Таблица объединяет устройства, видимые по RS485, с BMI30, реально обнаруженными через mDNS/таблицу соседей локального роутера и подтвердившими /api/status. Отсутствующие устройства и пустые адреса 00..31 не показываются. Для каждой доступной строки отдельно показаны фактическая роль, назначение роли, RS485 ID, Identity status, STM32 UID и кликабельный IP. Доступное по LAN устройство без назначения остаётся видимым с ID --, статусом Not assigned и IP для перехода на его Portal. Дубли ID помечаются ID conflict. IP выбирается по приоритету router/default route → адрес подключения пользователя → Ethernet/Wi-Fi/hotspot fallback. Portal автоматически публикует RPI ID/IP через core; host поддерживает целевой RID2 и обратное чтение RID1.",host/bmi30_active_runtime/project/host/BMI30.001.py.2026-07-23-1415-group-device-map,host/bmi30_active_runtime/project/host/BMI30.200.py.2026-07-23-1415-group-device-map; алгоритм обработки сигнала без изменений,host/bmi30_active_runtime/project/host/BMI30.GUI.001.py; без изменений,host/bmi30_active_runtime/project/hotspot_info_server.py; live /usr/local/bin/bmi30-hotspot-info-server.py,Group Mode; единая карта доступных LAN/RS485-устройств; назначение Master/Slave и ID; остальные режимы без изменения,"py_compile core, engine, GUI, Portal и usb_stream: PASS; bundle validate и внутренние SHA256SUMS: PASS; атомарная активация: PASS; bmi30-core и bmi30-hotspot-info active; source/active/installed Portal SHA-256 совпадает 82cd841e1401…; live /api/sensors подтвердил шесть доступных BMI30: 05AB38E6A/192.168.0.173/S01, 1ED3E6AF5/192.168.0.160/S01, 7AA5CED27/192.168.0.163/S01, C9775FBAE/192.168.0.154/M00, D5EB8F26C/192.168.0.114/M00, E29805C7C/192.168.0.153/S02; два M00 и три S01 имеют node_conflict=true, локальный S02 без конфликта; публикация штатным backup_to_cloud.sh --force: PASS; удалённый bmi30_latest.env прочитан из Google Drive и подтверждает FIRMWARE_BUNDLE_ID=2026-07-23-1415-group-device-map.","Карта выявляет реальный конфликт сети: одновременно доступны два Master с ID 00 и три Slave с ID 01. По кликабельным IP можно открыть нужное устройство и назначить уникальную роль/ID. STM32 текущего устройства всё ещё возвращает RID1, поэтому полный RPI ID соседям по физической RS485 пока не подтверждается; данные полного RPI ID в текущей карте получены через локальную сеть.","Открыть Group Mode по IP конфликтующих устройств, оставить один Master и назначить остальным уникальные ID 00..31. Затем добавить RID2 в STM32 firmware и проверить обмен полным RPI ID между соседями только по RS485.",2026-07-23
70,2026-07-23-1337,РАБОЧАЯ активная версия; облачная публикация отложена,"Одна таблица Group Devices показывает только реально доступные устройства, их назначение и IP подключения","Из Group Mode полностью удалены строка и редактирование RPI number. Нередактируемый RPI ID автоматически берётся как полный 9-символьный hex-suffix hostname BMI30-XXXXXXXXX. Единственная существующая таблица теперь объединяет устройства, видимые по RS485, с BMI30, реально обнаруженными через mDNS/таблицу соседей локального роутера и подтвердившими /api/status. Отсутствующие устройства и пустые адреса 00..31 не показываются. В заголовке колонки находится RPI ID/IP; в строках отдельно показаны роль, RS485 ID, Identity status, STM32 UID и кликабельный IP. Доступное по LAN устройство без назначения остаётся в таблице с ID --, статусом Not assigned и IP для перехода на его Portal. Дубли назначенных ID помечаются ID conflict. IP выбирается по приоритету router/default route → адрес подключения пользователя → Ethernet/Wi-Fi/hotspot fallback. Portal автоматически публикует RPI ID/IP через core; host поддерживает целевой RID2 и обратное чтение RID1.",host/bmi30_active_runtime/project/host/BMI30.001.py.2026-07-23-1337,host/bmi30_active_runtime/project/host/BMI30.200.py.2026-07-23-1337; алгоритм обработки сигнала без изменений,host/bmi30_active_runtime/project/host/BMI30.GUI.001.py; без изменений,host/bmi30_active_runtime/project/hotspot_info_server.py; live /usr/local/bin/bmi30-hotspot-info-server.py,Group Mode; единая карта доступных LAN/RS485-устройств; назначение Master/Slave и ID; остальные режимы без изменения,"py_compile core, engine, portal и usb_stream: PASS; render установленного Portal: ровно одна group-matrix, по одной строке Identity status и STM32 UID, RPI number отсутствует; source/active/installed Portal SHA-256 совпадает 82cd841e1401…; live LAN discovery вернул ровно шесть отвечающих BMI30: 05AB38E6A/192.168.0.173/S01, 1ED3E6AF5/192.168.0.160/S01, 7AA5CED27/192.168.0.163/S01, C9775FBAE/192.168.0.154/M00, D5EB8F26C/192.168.0.114/M00, E29805C7C/192.168.0.153/S02; отсутствующие 192.168.0.155 и .161 не включены; два M00 и три S01 отмечены node_conflict=true, локальный S02 без конфликта; /api/sensors отдаёт все шесть строк; bmi30-core и bmi30-hotspot-info active.","Сейчас таблица уже выявляет реальную проблему сети: одновременно доступны два Master с ID 00 и три Slave с ID 01. По кликабельным IP можно открыть нужное устройство и переназначить роль/ID. Текущая STM32 firmware локального устройства всё ещё возвращает RID1 и не подтверждает полный RPI ID в физической RS485; поэтому у строк, полученных только через роутер, статус RPI ID via LAN only. Immutable bundle и cloud latest намеренно не созданы до полного RID2.","Открыть Group Mode, перейти по IP конфликтующих устройств и оставить один Master с уникальным ID, остальным назначить уникальные ID 00..31. Затем добавить RID2 в STM32 firmware, подтвердить published=true между соседями, создать completed bundle, проверить SHA256SUMS и опубликовать latest в Google Drive.",2026-07-23
71,2026-07-23-1330-rs485-role-id-rpi-ip,"АКТИВНЫЙ полный комплект, готов к облачной публикации","Роль, RS485 ID и RPI identity назначаются и показываются раздельно","По обновлённому протоколу убрана связь роли с номером узла. Portal отдельно показывает Current role и фактически сохранённую Role assignment, отдельно назначает RS485 ID из полного диапазона 00..31, где 00 является допустимым адресом, а неназначенность хранится отдельным флагом. Список Synchronized Devices объединяет прямую разреженную mask ID и RID1 identity, показывает у локального и соседних устройств отдельные номер RPI, IPv4 и роль. Добавлены команды core rs485_id, rs485_ident и rpi_info; usb_stream поддерживает RID1 selector 0xFF для local и 0..31 для соседей, STAT v6 длиной 137 байт с прямым sync_status_bytes[device_id], EVT1 assignment flags и сериализованный identity scan. Номер локального RPI задаётся в Portal отдельно. IP выбирается по приоритету: интерфейс с маршрутом к роутеру, затем фактический адрес открытия Portal через Ethernet или Wi-Fi hotspot, затем другой активный локальный интерфейс; 0.0.0.0 используется только при полном отсутствии локального IPv4.",host/bmi30_active_runtime/project/host/BMI30.001.py.2026-07-23-1330-rs485-role-id-rpi-ip,host/bmi30_active_runtime/project/host/BMI30.200.py.2026-07-23-1330-rs485-role-id-rpi-ip; алгоритм обработки сигнала без изменений,host/bmi30_active_runtime/project/host/BMI30.GUI.001.py; без изменений,host/bmi30_active_runtime/project/hotspot_info_server.py; live /usr/local/bin/bmi30-hotspot-info-server.py,Group Mode; RS485 synchronization; Master/Slave; identity RPI/IP; все режимы обработки сигнала без изменения,"py_compile core, engine, portal и usb_stream: PASS; render Portal: отдельные Role assignment, RS485 ID, RPI number и IP address, ID options 00..31, строки Default: Slave нет; unit RID1: ID 00, master/slave, rpi_number и IP PASS; unit command 0x42: u16 LE + IPv4 PASS; STAT v6 sparse direct IDs 00/07/31 PASS; Portal sparse identity 00/07/19/31 PASS; приоритет IP: router default route → адрес открытия Portal → Ethernet/Wi-Fi/hotspot fallback → 0.0.0.0, unit PASS; службы bmi30-core и bmi30-hotspot-info active; live core connected=true, сохранённые role=slave, assigned_role=slave, device_id=02, assigned=true; live сеть: wlan0 имеет DHCP 192.168.0.153 и default route через 192.168.0.1, поэтому адрес 192.168.0.153 выбран выше Host 10.42.0.1 и Ethernet 10.43.0.1; live RID1 local ID 02, role slave, IP 192.168.0.153; SHA-256 установленного и active Portal совпадает; completed bundle validate и SHA256SUMS PASS; атомарная активация PASS; live engine использует завершённый парный файл, connected=true.","Физически в текущей RS485-сети видна только локальная плата ID 02, поэтому реальные RPI/IP нескольких соседей пока нельзя подтвердить, хотя разреженный список проверен синтетическими пакетами. Создан immutable bundle 2026-07-23-1330-rs485-role-id-rpi-ip с парными завершёнными core/engine и SHA256SUMS; bundle атомарно активирован и готов к облачной публикации. Номер RPI ещё не назначен пользователем и не выбирался автоматически.","В браузере назначить локальный номер RPI, затем подключить несколько RPI к роутеру и RS485, нажать Refresh device list и проверить реальные номера RPI/IP/ID соседей. Опубликовать активный bundle в Google Drive, проверить remote marker и затем подтвердить реальные RPI/IP нескольких соседей.",2026-07-23
72,2026-07-22-1559-dated-fw-display,АКТИВНЫЙ полный комплект,В поле FW показывается датированный номер версии,"Исправлено отображение версии RPI в шапке Portal. Раньше detect_rpi_software_version предпочитал описательный BMI30_FIRMWARE_LABEL, поэтому рядом с RPI выводилось FW Dated firmware version in Portal header или другое длинное название комплекта. Добавлен единый форматтер датированной версии: он берёт BMI30_FIRMWARE_VERSION и извлекает ведущий номер YYYY-MM-DD-HHMM. Теперь в шапке выводится FW 2026-07-22-1559, а в About Device → Firmware → Release показывается тот же датированный номер. Описательный label сохранён для меню комплектов и служебного описания, но больше не попадает в компактное поле FW. Предыдущее выравнивание Role assignment и двухстрочной шапки полностью сохранено.",host/bmi30_split_bundles/2026-07-22-1559-dated-fw-display/project/host/BMI30.001.py.2026-07-22-1359-dc-speed-rpi-state; без изменений,host/bmi30_split_bundles/2026-07-22-1559-dated-fw-display/project/host/BMI30.200.py.2026-07-22-1359-dc-speed-rpi-state; без изменений,host/bmi30_split_bundles/2026-07-22-1559-dated-fw-display/project/host/BMI30.GUI.001.py; без изменений,host/bmi30_split_bundles/2026-07-22-1559-dated-fw-display/project/hotspot_info_server.py; live /usr/local/bin/bmi30-hotspot-info-server.py,"Portal header; About Device; все websplit-режимы без изменения алгоритмов, ролей и аппаратных команд","py_compile source, bundle и active Portal: PASS; unit formatter: полный bundle ID 2026-07-22-1553-compact-role-header-layout преобразован в 2026-07-22-1553, уже короткий датированный ID сохранён, недатированный v9.2 сохранён, label используется только как fallback; render до сборки подтвердил отсутствие FW Compact Role assignment and two-line device header; switch --validate и SHA256SUMS нового bundle: PASS; атомарная активация: PASS; live release version 2026-07-22-1559-dated-fw-display преобразуется в 2026-07-22-1559; live render содержит RPI 7AA5CED27 / FW 2026-07-22-1559 и Firmware Release 2026-07-22-1559; SHA-256 source, bundle, active runtime и установленного Portal совпадает; bmi30-core и bmi30-hotspot-info active, core connected=true, роль master/M03, ошибок служб нет.","Номер FW намеренно показывает дату и время сборки без текстового topic-суффикса, чтобы оставаться компактным в двухстрочной шапке. Полный ID с суффиксом и описательный label доступны в active env, manifest, меню версий и журнале. Явные переменные BMI30_RPI_FW_VERSION/BMI30_RPI_SOFTWARE_VERSION/BMI30_HOST_FW_VERSION по-прежнему имеют высший приоритет.","Обновить Portal в браузере и проверить строку RPI: должно быть FW 2026-07-22-1559; затем открыть About Device и убедиться, что Firmware Release показывает тот же номер, а высоты шапки и Role assignment не изменились.",2026-07-22
73,2026-07-22-1553-compact-role-header-layout,"полный комплект, точка возврата",Обычная высота Role assignment и компактная двухстрочная шапка,"В Portal исправлены две высоты без изменения функциональной логики. В Group Mode два видимых элемента Role assignment — select и Default: Slave — перенесены из вертикальной сетки в одну горизонтальную flex-строку. Пустой служебный контейнер результата теперь display:none и не резервирует высоту; при Assigning, успехе или ошибке статус появляется в той же горизонтальной линии. Select зафиксирован на 24 px, вертикальные padding ячейки на 4 px, поэтому общая высота строки составляет 32 px и совпадает с обычными строками таблицы. В шапке переключатель языка 38×26 px растянут ровно на две grid-строки; RPI и STM32 расположены справа двумя строками по 13 px без межстрочного зазора. Значения остаются однострочными и при нехватке ширины сокращаются через ellipsis, поэтому блок не становится выше флага.",host/bmi30_split_bundles/2026-07-22-1553-compact-role-header-layout/project/host/BMI30.001.py.2026-07-22-1359-dc-speed-rpi-state; без изменений,host/bmi30_split_bundles/2026-07-22-1553-compact-role-header-layout/project/host/BMI30.200.py.2026-07-22-1359-dc-speed-rpi-state; без изменений,host/bmi30_split_bundles/2026-07-22-1553-compact-role-header-layout/project/host/BMI30.GUI.001.py; без изменений,host/bmi30_split_bundles/2026-07-22-1553-compact-role-header-layout/project/hotspot_info_server.py; live /usr/local/bin/bmi30-hotspot-info-server.py,Portal header; Group Mode; Role assignment; все websplit-режимы без изменения алгоритмов и назначения ролей,"py_compile Portal: PASS; render test подтвердил flag grid-row 1/span 2, две строки шапки по 13 px, общую высоту 26 px, однострочные identity values, flex Role assignment, select 24 px, ячейку 32 px, скрытый пустой feedback и сохранённый Default: Slave; source и active Portal перед сборкой совпали; switch --validate и SHA256SUMS полного bundle: PASS; атомарная активация: PASS; bmi30-core и bmi30-hotspot-info active; live core connected=true, сохранённая роль master/M03; ошибок служб после активации нет.","В Role assignment визуально было два элемента; дополнительную высоту давал невидимый пустой feedback с min-height 13 px. Теперь он не занимает места, пока в нём нет сообщения. При отправке роли статус временно расширяет строку только по горизонтали. Изменены только CSS и компоновка Portal; команды ролей, текущая роль устройства, core, engine, GUI и обработка сигнала не менялись.","Проверить страницу после обновления браузера на рабочем экране и узком мобильном окне: высоту Role assignment сравнить с соседними строками, а RPI/STM32 — с флагом. При очень длинной версии убедиться, что ellipsis сохраняет шапку высотой 26 px.",2026-07-22
74,2026-07-22-1545-forced-group-role-assignment,"полный комплект, точка возврата","Принудительное назначение Master/Slave, Slave по умолчанию","На странице Portal Group Mode строка Role assignment теперь всегда содержит явный выбор только из Master и Slave. Auto, Off и пустое значение удалены из интерфейса и отклоняются Portal и core. Рядом с выбором постоянно показано Default: Slave; если текущий статус устройства известен, выбранный пункт показывает фактически назначенную роль. Ручные S01..S31 удалены: номер slave выдаёт master, поэтому Node ID остаётся статусом. Исправлен ранее неработавший сквозной путь Portal → core → engine: core обрабатывает sync_mode, а engine отправляет разрешённый документацией payload CMD_SET_SYNC_MODE 0x1D как mode byte плюс uint64 LE UTC Unix time в миллисекундах, после чего сетевое назначение сохраняется платами во Flash. Добавлены состояние Assigning, сообщение об успехе и видимая ошибка при отказе.",host/bmi30_split_bundles/2026-07-22-1545-forced-group-role-assignment/project/host/BMI30.001.py.2026-07-22-1359-dc-speed-rpi-state,host/bmi30_split_bundles/2026-07-22-1545-forced-group-role-assignment/project/host/BMI30.200.py.2026-07-22-1359-dc-speed-rpi-state,host/bmi30_split_bundles/2026-07-22-1545-forced-group-role-assignment/project/host/BMI30.GUI.001.py; без изменений,host/bmi30_split_bundles/2026-07-22-1545-forced-group-role-assignment/project/hotspot_info_server.py; live /usr/local/bin/bmi30-hotspot-info-server.py,Group Mode; RS485 synchronization; Master/Slave; все websplit-режимы без изменения обработки сигнала,"py_compile core, engine и portal: PASS; unit parse: Master/Slave и legacy S03 приняты, Auto/Off/пусто отклонены; mock engine: CMD 0x1D и payload ровно 9 байт с mode 0/1 и актуальным uint64 LE Unix ms, mode 2 не отправлен; mock core: mode Master→0 и Slave→1, Auto/Off/пусто отклонены без вызова engine; Portal render: Role assignment, Slave (default) и Default: Slave присутствуют, Auto option отсутствует, POST всегда содержит role; switch --validate и SHA256SUMS полного bundle: PASS; атомарная активация: PASS; bmi30-core и bmi30-hotspot-info active; live core connected=true и показывает сохранённую текущую роль master/M00; безопасный live POST с Auto вернул ok=false и не отправил USB-команду; SHA-256 source, bundle, active runtime и установленного Portal совпадает.","Slave — обязательная роль по умолчанию согласно firmware-документации: без сохранённого назначения все платы остаются SLAVE. Это не автоматическое голосование. Фактическая сохранённая роль текущего устройства после установки не менялась и сейчас показывается как Master M00. Выбор Slave посылает mode 1, то есть назначение выбранного sensor-slave; номера S01..S31 формируются master автоматически. Однобайтовые команды роли и режим Auto намеренно запрещены.","На Portal каждого RPI открыть Group Mode и явно выбрать одну плату Master, остальные Slave; проверить сообщение Role assigned, затем Mxx/Sxx, единственного master, последовательную нумерацию slave и сохранение ролей после отключения питания.",2026-07-22
75,2026-07-22-1425-rpi-dc-lightning-target-or-timer,"полный комплект, точка возврата",Молния завершается по 99% или настраиваемому таймеру,"Контракт DC остаётся speed-only: состояния Work, Acquisition, Detection и молния существуют только на RPi, а STM32 получает только CMD_SET_DC_SPEED 0x1F с uint32 LE settle_ms. В Portal в секцию Adaptation timing добавлено поле Lightning timer, sec. со значением 0.1..86400 s; это максимальная длительность молнии и host-only параметр. При каждом нажатии RPi сначала измеряет худшее среднее отклонение активных ADC/parity-буферов от центра 32767, принудительно отправляет settle_ms=1000 и каждые 50 ms проверяет новые кадры. Work восстанавливается отдельным пакетом по первому условию: остаточное отклонение уменьшилось не менее чем на 99% относительно исходного либо истёк установленный таймер. Повторное нажатие начинает новый исходный отсчёт и перезапускает таймер. В режимах 6–7 RPi по-прежнему назначает Work, Acquisition и Detection; Freeze/AutoFreeze влияют только на отрисовку. Legacy 0x1B и 0x1E не используются, Tx200 остаётся на 0x33.",host/bmi30_split_bundles/2026-07-22-1425-rpi-dc-lightning-target-or-timer/project/host/BMI30.001.py.2026-07-22-1359-dc-speed-rpi-state,host/bmi30_split_bundles/2026-07-22-1425-rpi-dc-lightning-target-or-timer/project/host/BMI30.200.py.2026-07-22-1359-dc-speed-rpi-state,host/bmi30_split_bundles/2026-07-22-1425-rpi-dc-lightning-target-or-timer/project/host/BMI30.GUI.001.py,host/bmi30_split_bundles/2026-07-22-1425-rpi-dc-lightning-target-or-timer/project/hotspot_info_server.py; live /usr/local/bin/bmi30-hotspot-info-server.py,все websplit-режимы; режим 5 и молния; настраиваемый Lightning timer; детекторные режимы 6/7; Work/Acquisition/Detection; Freeze/AutoFreeze без влияния на acquisition,"py_compile core, engine, portal и usb_stream: PASS; unit-тест обоих выходов молнии: исходный offset 1000 → 5 дал target_99pct и 99.50%, неизменный offset дал timer; в обоих случаях USB-последовательность 1000 ms → Work: PASS; Portal normalize/form test сохранил 2.5 и 3.7 s и ограничил 0 до минимума 0.1 s: PASS; switch --validate и SHA256SUMS bundle: PASS; установленный Portal содержит Lightning timer и его SHA-256 совпадает с runtime; live API показывает lightning_timeout_s=1.0; live молния вернула completion=target_or_timer и по реальному потоку завершилась страховочным timer за 1.010 s, отправив 1F e8030000, затем Work 1F a0860100; dc_guard last_ok=true, fix_count=0; 0x1E после активации не отправлялся.","99% считается на RPi как уменьшение максимального абсолютного среднего отклонения четырёх активных ADC/parity-буферов от 32767 относительно кадра перед молнией. Проверяются только более новые кадры; при отсутствии достоверной метрики всегда срабатывает таймер. Скорость молнии фиксирована settle_ms=1000 и не зависит от значения таймера. Таймер не передаётся на STM32. При 0 для Work/Acquisition/Detection останавливается только обучение, накопленная коррекция продолжает применяться.",Проверить раннее завершение по 99% на реальном ступенчатом DC-смещении и подобрать Lightning timer; затем проверить последовательность Work → Acquisition → Detection → Work в режимах 6/7.,2026-07-22
76,2026-07-22-1129-language-switch-cloud-runtime,"полный комплект, точка возврата",Переключатель English/Українська и надёжный запуск версии из облака,"Восстановлены последние проектные изменения из автоматического pre-update snapshot после того, как ночное обновление применило прежний облачный архив. В Portal сохранён переключатель English/Українська с запоминанием выбора в localStorage. Исправлен формат облачной прошивки: signature version 8 включает файлы проекта и ровно один активный полный websplit bundle; каталоги host/.bmi30_active_runtime.stage.*, host/.bmi30_active_runtime.rollback.* и ротационные *.log.* исключены из подписи, архива и rsync. Генерируемый host/bmi30_split_active_version.env остаётся в архиве, но исключён из content-signature, чтобы запись нового selected_at/selected_by при успешной активации не вызывала бесконечную переустановку того же release. Обновление проверяет bundle ID, manifest и SHA256SUMS, копирует проект, атомарно активирует комплект через switch_bmi30_split_versions.sh, устанавливает live Portal, сохраняет локальные настройки устройства, перезапускает службы и только после успешной проверки записывает update_state.env. Исправлены безопасные ранние выходы при отключённом snapshot/restart. Имя архива сохранено в совместимом формате bmi30_backup_*.tar.gz, который принимают старые updater; новый таймер всегда проверяет последний release, а старый --today-only продолжает ранее не завершённое обновление и после смены даты.",host/bmi30_split_bundles/2026-07-22-1129-language-switch-cloud-runtime/project/host/BMI30.001.py.2026-07-20-1632,host/bmi30_split_bundles/2026-07-22-1129-language-switch-cloud-runtime/project/host/BMI30.200.py.2026-07-20-1632,host/bmi30_split_bundles/2026-07-22-1129-language-switch-cloud-runtime/project/host/BMI30.GUI.001.py,host/bmi30_split_bundles/2026-07-22-1129-language-switch-cloud-runtime/project/hotspot_info_server.py; live /usr/local/bin/bmi30-hotspot-info-server.py,все websplit-режимы; Portal; выбор языка; cloud backup/update; атомарная активация; boot/restart; режимы 6/7 без изменения алгоритма,"SHA256SUMS и switch --validate полного bundle: PASS; py_compile core/engine/GUI/portal/usb_stream: PASS; JSON config: PASS; bash -n cloud/switch/create scripts: PASS; локальный release содержит ровно один активный bundle и не содержит active_runtime, stage или rollback: PASS; изолированный и реальный Google Drive циклы publish → download → SHA-256 → rsync → atomic activation: PASS; release manifest и хеши core/engine/GUI/portal совпали; core и portal active; локальные project/system настройки при активации сохранены; SHA-256 исходного, runtime и установленного Portal совпадает, маркеры portal-language-switch и bmi30_portal_language присутствуют; content-signature не меняется после записи selected_at; повторная проверка не переустанавливает release; изолированный bootstrap с updater signature v2: первый ожидаемый exit 5 перенёс новые скрипты, второй v8 exit 0 установил полный bundle, третий запуск exit 0 был no-op.","Очень старый updater выполняет переход в два этапа: первый запуск принимает legacy-имя архива и переносит новые cloud-скрипты, но может завершиться кодом 5; следующий автоматический или ручной запуск уже v8 скачивает полный bundle и активирует его. На устройствах, где остались принадлежащие nobody временные каталоги, перед первым повтором нужна разовая очистка host/.bmi30_active_runtime.stage.* и host/.bmi30_active_runtime.rollback.*. Локальные настройки каждого устройства намеренно не заменяются настройками издателя. Автопубликация отключена и release публикуется только вручную; автоматическая проверка и установка сохранены.","Дождаться автоматической проверки на старом устройстве либо запустить update_from_cloud.sh --force вручную; если первый старый процесс вернул код 5, повторный запуск завершит переход. Затем проверить active bundle ID, active-службы и переключатель языка на авторизованной странице Portal.",2026-07-22
77,2026-07-20-1632-detection-led-strip,АКТИВНЫЙ полный комплект,Простая линейка светодиодов детекции для обоих каналов,"На странице Portal / Group Mode ниже таблицы Addressable LED patterns добавлена отдельная строка Detection LED strip: независимый переключатель Enabled, текущий уровень LED 0/1 и кнопка Test. Линейка является общей для двух каналов и загорается при подтверждённой детекции верхнего, нижнего или обоих каналов. Разрешение сохраняется в bmi30_config.json как non_addressable_led_enabled; тестовый режим не сохраняется. Выключатель запрещает только эту простую индикацию, а Test принудительно включает её для проверки. Из пользовательского интерфейса и сообщений убрано техническое название электрического вывода.",host/bmi30_split_bundles/2026-07-20-1632-detection-led-strip/project/host/BMI30.001.py.2026-07-20-1632,host/bmi30_split_bundles/2026-07-20-1632-detection-led-strip/project/host/BMI30.200.py.2026-07-20-1632,host/bmi30_split_bundles/2026-07-20-1632-detection-led-strip/project/host/BMI30.GUI.001.py; без изменений,host/bmi30_split_bundles/2026-07-20-1632-detection-led-strip/project/hotspot_info_server.py; live /usr/local/bin/bmi30-hotspot-info-server.py,Group Mode; режимы детекции 6/7; верхний канал; нижний канал; оба канала; ручной тест линейки,"py_compile core/engine/portal: PASS; JSON config: PASS; portal render: PASS, присутствуют Detection LED strip, Enabled, LED 0/1 и Test, техническое имя вывода отсутствует; SHA256SUMS и switch --validate полного bundle: PASS; атомарная активация: PASS; bmi30-core и bmi30-hotspot-info active; live core engine 2026-07-20-1632, connected=true, mode=6; статус общей линейки available=true, backend=lgpio, enabled=true, test=false, detection_active=false, level=0; SHA256 portal bundle, active runtime и установленной копии совпадает.","Это один общий ключ простой светодиодной линейки для детекции любого из двух каналов. Логика срабатывания и аппаратная привязка не изменялись; изменено только пользовательское название. Индикация использует то же подтверждённое событие детекции и ту же общую выдержку, поэтому сопровождает звуковое оповещение, когда звук разрешён.","На реальном оборудовании провести метку отдельно через верхний и нижний каналы: при Enabled=true убедиться, что линейка загорается в обоих случаях вместе с детекторным оповещением; затем проверить Enabled=false и кнопку Test из Group Mode.",2026-07-20
78,2026-07-20-1544-dc-fast-stm32-only,"полный комплект, точка возврата",Молния включает непрерывный BOOT_FAST только на STM32,"Исправлена регрессия быстрой DC-компенсации. Раньше core при нажатии молнии посылал STM32 быстрый профиль, а Raspberry Pi через 3 секунды автоматически посылал обратный WORK; это точно подтверждено live-журналом api_optimize:startup -> api_optimize:restore_work и совпадало с повторным уходом осциллограммы. Удалены оба host-таймера возврата: из API-кнопки и из автоматического входа в режим 5. Теперь в режиме 5 Raspberry Pi один раз передает STM32 SET_DC_CONFIG/BOOT_FAST с active settle 1 мс, не вычисляет DC по данным и не меняет профиль по таймеру; режим сохраняется до явной следующей команды режима/профиля. Периодическая проверка ожидает для режима 5 BOOT_FAST и больше не возвращает WORK. В режимах 6 и 7 молния сбрасывает только быструю адаптацию порогов и не посылает DC-команду. Host-side DC offset/adaptation в Engine ранее уже был выключен и оставлен выключенным.",host/bmi30_split_bundles/2026-07-20-1544-dc-fast-stm32-only/project/host/BMI30.001.py.2026-07-20-1512,host/bmi30_split_bundles/2026-07-20-1544-dc-fast-stm32-only/project/host/BMI30.200.py.2026-07-20-1512,host/bmi30_split_bundles/2026-07-20-1544-dc-fast-stm32-only/project/host/BMI30.GUI.001.py,host/bmi30_split_bundles/2026-07-20-1544-dc-fast-stm32-only/project/hotspot_info_server.py; live Portal не менялся,режим 5 DC/BOOT_FAST; режимы 6 и 7 detector threshold adaptation; переход 6 через 5,"py_compile core: PASS; mock API optimize mode 5: ровно один SET_DC_CONFIG mode=3, active/pre settle=0.001 s, dc_owner=stm32, без вызова host detector adaptation: PASS. Live STM32: mode 5 + молния вернули BOOT_FAST continuous=true; DCCF readback mode=3, flags=53, work=100 s, detection=1000 s, acquisition=10000 s, pre/active=0.001 s, adapt_updates=98540; после прежних 3 секунд и после 10+ секунд dc_guard startup/ok, restore_work отсутствует. Live режимы 6 и 7: connected=true, stream_mode=2, base_buf_len=200, dc_guard work/ok; молния в каждом режиме не породила 0x1F. После проверки восстановлен режим 6. Полный bundle создан со SHA256SUMS.","BOOT_FAST теперь намеренно непрерывен до явной команды смены режима или DC-профиля, как определено firmware-контрактом; это не host-side компенсация. Во время первого диагностического GET_DC_CONFIG произошел единичный USB disconnect, после чего штатный recovery восстановил устройство и поток; повторный стабильный readback подтвердил активные 1 мс и dirty/adapt_updates. Engine, GUI, Portal, usb_stream и detector-алгоритм не менялись. Внутри bundle сохранены исходные парные имена core/engine 2026-07-20-1512, потому что комплект является полным snapshot исправленного активного runtime.","Наблюдать осциллограмму в режиме 5 после молнии дольше минуты и повторить аппаратную проверку на остальных STM32; при переходе в 6/7 убедиться, что ожидаемый WORK подходит выбранной скорости.",2026-07-20
79,2026-07-20-1512,"полный комплект, точка возврата",Large LCD role: Repeat и Show от 1 до 5 секунд,"Поверх полного комплекта 2026-07-20-1332 создана новая нейтральная парная версия текущего дня. В Engine нижняя граница period_s и duration_s расширена с 3 до 1 секунды при прежней верхней границе 5 секунд. Portal применяет тот же clamp 1…5 и показывает для обоих списков все значения 1, 2, 3, 4, 5 секунд. Core переименован парно и указывает на matching Engine; протокол USB 0x41, detector, sound, optic gate, sync assignment, LED patterns и остальные режимы не менялись. Текущая сохранённая настройка пользователя после проверки: enabled=true, period_s=1, duration_s=5.",host/bmi30_split_bundles/2026-07-20-1512/project/host/BMI30.001.py.2026-07-20-1512,host/bmi30_split_bundles/2026-07-20-1512/project/host/BMI30.200.py.2026-07-20-1512,host/bmi30_split_bundles/2026-07-20-1512/project/host/BMI30.GUI.001.py,host/bmi30_split_bundles/2026-07-20-1512/project/hotspot_info_server.py; live /usr/local/bin/bmi30-hotspot-info-server.py,все websplit-режимы; Operating Mode; STM32 LCD role overlay; USB reconnect,"py_compile core/engine/GUI/portal/usb_stream: PASS; unit boundary test Portal+Engine для -9/0/1/2/5/6/99: PASS с clamp 1…5; UI static test подтвердил два списка range(1,6): PASS; SHA256SUMS и switch --validate: PASS; атомарная активация: PASS; bmi30-core и bmi30-hotspot-info active; SHA-256 bundle/runtime/live portal совпадает; live API принял 1/5 с applied=true и нормализовал 0/9 в 1/5; после теста восстановлены сохранённые 1/5.","Причина наблюдавшегося после полной перезагрузки несоответствия установлена: в 14:51 core действительно стартовал из 2026-07-20-1332, но Portal-служба всегда запускает отдельную копию /usr/local/bin/bmi30-hotspot-info-server.py; она была заново установлена только ручным переключением в 14:57. Поэтому название/core могли быть последними, а элементы Portal — предыдущими. В новой активации live Portal побайтно совпадает с bundle. Автоматическая сверка и переустановка Portal при каждом boot пока не добавлена. Визуальную устойчивость LCD на коротком периоде 1 секунда нужно подтвердить на всём комплекте.","Выполнить холодную перезагрузку всего комплекта и проверить Repeat=1/Show=5, Mxx/Sxx/O и совпадение hash live Portal; затем при необходимости добавить boot-preflight, который до запуска служб сверяет активный bundle и /usr/local/bin Portal.",2026-07-20
80,2026-07-20-1332,"полный комплект, точка возврата",CHG-001: крупная периодическая роль Mxx/Sxx/O на LCD,"По облачному handoff-документу от 17.07.2026 выборочно перенесён CHG-001 поверх последнего активного bundle 2026-07-16-1250. В USB host добавлена команда 0x41. Engine нормализует и сохраняет lcd_role_overlay, отправляет payload enable/period/duration, отражает applied/pending и повторяет настройку после START/reconnect. Core получил aliases lcd_role_overlay/set_lcd_role_overlay/lcd_overlay и верхнеуровневый status. Portal получил авторизованный endpoint и компактную live-строку Large LCD role после Sound output; Save and Apply сохраняет и применяет, Save Only только сохраняет. Безопасное итоговое состояние enabled=false, period=4, duration=4. Detector, sound, optic gate, sync assignment и LED patterns не менялись.",host/bmi30_split_bundles/2026-07-20-1332/project/host/BMI30.001.py.2026-07-20-1332,host/bmi30_split_bundles/2026-07-20-1332/project/host/BMI30.200.py.2026-07-20-1332,host/bmi30_split_bundles/2026-07-20-1332/project/host/BMI30.GUI.001.py,host/bmi30_split_bundles/2026-07-20-1332/project/hotspot_info_server.py; при выборе устанавливается в /usr/local/bin/bmi30-hotspot-info-server.py,все websplit-режимы; Operating Mode; STM32 LCD role overlay; USB reconnect,"py_compile core/engine/portal/usb_stream: PASS; JSON config: PASS; portal render markers: PASS; normalize 2→3 и 9→5: PASS; dummy stream пакеты ON 41 01 03 05 и OFF 41 00 04 04: PASS; handler без session 403, с session apply/save и normalized JSON: PASS; SHA256SUMS и switch --validate: PASS; атомарная активация: PASS; core/portal active; portal source/live SHA-256 совпадает; core status показывает новую engine и lcd_role_overlay disabled 4/4 pending.","Физическая проверка LCDS bit5/bit6 и визуальная проверка Mxx/Sxx/O при создании не выполнялась: STM32 USB 0xcafe:0x4001 отсутствовал, connection.connected=false. Комплект сохранён как точка возврата до расширения диапазона времени до 1…5 секунд. Экспериментальный bundle чужого устройства не копировался и firmware latest не публиковался.",Использовать активный 2026-07-20-1512; этот bundle выбирать только для проверки или отката к исходному диапазону 3…5 секунд.,2026-07-20
81,2026-07-16-1250,"полный комплект, точка возврата",Настраиваемые границы номера пика 0–199 без типов меток,"Создана отдельная нейтральная пара core/engine и полный websplit bundle текущего дня. Прежний Peak thirds limit с галочкой Enable и выбором Microwire/Barkhausen заменён двумя универсальными включительными границами номера максимума: Lower и Upper, каждая 0–199. Gate всегда проверяет условие Lower ≤ peak index ≤ Upper; интервал 0…199 разрешает весь массив и естественно заменяет выключатель. Настройка расположена на прежнем месте Portal / Tag Detection / Peak Position Limits, передаётся portal → core → engine, отражается в status API и применяется одинаково в live prev-buffer detector и offline player. Именованные фильтры Casino/Barkhausen/Microwire/Paper не изменены. Добавлена миграция старой конфигурации: disabled → 0…199, Microwire enabled → 0…66, Barkhausen enabled → 67…199. Bundle содержит согласованные core/engine, GUI, portal, project/system config, usb_vendor, calibration и player recordings.",host/bmi30_split_bundles/2026-07-16-1250/project/host/BMI30.001.py.2026-07-16-1250,host/bmi30_split_bundles/2026-07-16-1250/project/host/BMI30.200.py.2026-07-16-1250,host/bmi30_split_bundles/2026-07-16-1250/project/host/BMI30.GUI.001.py,host/bmi30_split_bundles/2026-07-16-1250/project/hotspot_info_server.py; live /usr/local/bin/bmi30-hotspot-info-server.py,режимы детекции 6/7; live prev-buffer detector; offline player; Portal / Tag Detection,"python3 -m py_compile core/engine/GUI/portal/usb_stream: PASS; unit boundary test для 0…199, 0…66, 67…199 и min>max: PASS; portal normalize/migration disabled, Microwire, Barkhausen, clamp 0…199: PASS; SHA256SUMS и switch --validate полного bundle: PASS; атомарная активация: PASS; bmi30-core и bmi30-hotspot-info active; core status/API показывает peak_index_min=0, peak_index_max=199 и не содержит legacy enabled/type; live API apply persist=false: PASS; portal HTTP 200; SHA-256 source/live portal совпадает.","Lower и Upper включительны. Если Upper ниже Lower, сохранение нормализует Upper до Lower. Значения ограничены 0…199 как в portal, так и в engine. Интервал 0…199 означает отсутствие позиционного отсечения. Физическая проверка чувствительности и false positive на разных реальных типах меток ещё не выполнена; старый bundle 2026-07-15-0832 оставлен пунктом 2 для отката.","На реальных метках подобрать Lower/Upper через Portal / Tag Detection, проверить live и размеченные player recordings; сравнить истинные и ложные срабатывания для нескольких типов меток.",2026-07-16
82,2026-07-15-0832,"полный комплект, точка возврата",Отдельное ограничение положения максимума по третям массива,"Из фактически активного полного USB runtime 2026-07-14 создана нейтральная сегодняшняя пара core/engine и новый самодостаточный bundle. Восстановлен отдельный от Named Detection Filters этап Peak thirds limit с одной галочкой Enable и выбором типа. Для Microwire в массиве 200 семплов допускается максимум только в первой трети: индексы 0–66; срабатывания с максимумом 67–199 отбрасываются до счетчика подтверждений. Для Barkhausen допускается максимум только в последних двух третях: индексы 67–199; первая треть 0–66 отбрасывается. Настройка проходит portal → core → engine, сохраняется в локальной конфигурации и действует как в live prev-buffer detector, так и при offline-проигрывании записей. Существующие Casino/Barkhausen/Microwire/Paper named filters и их алгоритмы не изменены. Bundle включает matching core/engine, GUI, portal, project/system config, usb_vendor, calibration и player recordings.",host/bmi30_split_bundles/2026-07-15-0832/project/host/BMI30.001.py.2026-07-15-0832,host/bmi30_split_bundles/2026-07-15-0832/project/host/BMI30.200.py.2026-07-15-0832,host/bmi30_split_bundles/2026-07-15-0832/project/host/BMI30.GUI.001.py,host/bmi30_split_bundles/2026-07-15-0832/project/hotspot_info_server.py; исходник hotspot_info_server.py,режимы детекции 6/7; live prev-buffer detector; offline player; страница Portal / Tag Detection,"python3 -m py_compile core/engine/GUI/portal: PASS; unit boundary test: disabled принимает 0/66/67/199, Microwire принимает 0 и 66 и отклоняет 67/199, Barkhausen отклоняет 66 и принимает 67/199; normalize/form/render portal: PASS; функции четырех Named Filters побайтно совпадают с исходным active engine; SHA256SUMS и switch --validate полного bundle: PASS. После активации дополнительно проверены active services, API и HTML portal.","Ограничение по умолчанию выключено, поэтому обновление само по себе не меняет текущую чувствительность. Выбор типа Peak thirds limit не связан с одноименными Named Filters и не переключает их. Граница рассчитана как ceil(N/3), для N=200 это строго 67. Физическая проверка на реальных Microwire/Barkhausen метках и оценка false positive по размеченным записям еще нужны.","На странице Tag Detection включить Peak thirds limit, выбрать фактический тип метки и повторить live/player проверку на размеченных Microwire и Barkhausen записях; сравнить число истинных и ложных срабатываний.",2026-07-15
83,2026-07-14-1605-usb-current-runtime,"полный комплект, точка возврата",Текущая USB-версия сохранена без смешивания общих файлов,"Перед импортом с eMMC полностью сохранено текущее активное состояние USB. Новый bundle содержит парные core/engine, GUI, portal, проектный host/bmi30_config.json, фактический /etc/bmi30/portal_config.json, установленный fallback config, bmi30_sel.json, DC calibration, весь host/usb_vendor и player recordings. Добавлены manifest.env и SHA256SUMS. Комплект успешно развернут через новый переключатель в host/bmi30_active_runtime и теперь является фактически запущенным пунктом 1. Новый switch_bmi30_split_versions.sh показывает только полные комплекты; 26 старых core-only файлов оставлены как история, но их выбор заблокирован, поскольку общий GUI/portal/config/usb_stream нельзя достоверно восстановить.",host/bmi30_split_bundles/2026-07-14-1605-usb-current-runtime/project/host/BMI30.001.py.2026-07-06-1051-unified-cloud-firmware,host/bmi30_split_bundles/2026-07-14-1605-usb-current-runtime/project/host/BMI30.200.py.2026-07-06-1051-unified-cloud-firmware,host/bmi30_split_bundles/2026-07-14-1605-usb-current-runtime/project/host/BMI30.GUI.001.py,host/bmi30_split_bundles/2026-07-14-1605-usb-current-runtime/project/hotspot_info_server.py,все websplit-режимы; mode 7 player; portal; USB Vendor; DC и сохраненные настройки,"SHA256SUMS: PASS; python3 -m py_compile core/engine/GUI/portal/usb_stream: PASS; python3 -m json.tool для project и system config: PASS; switch --validate: PASS; полный activation smoke-test: core и portal active, API connected=true mode=6, portal HTTP 200, новых warning/error после исправления пути engine нет; размер комплекта 34 MiB.","Это первый безопасный полный пункт нового меню. Старые строки журнала описывают полезную историю core/engine, но больше не являются выбираемыми версиями. При первом smoke-test обнаружено удвоение относительного BMI30_ENGINE_SOURCE во вложенном runtime; переключатель исправлен и теперь всегда пишет абсолютный engine path, а успех подтверждает только после устойчивого active и ответа API. Bundle является проверенной точкой возврата перед запуском eMMC. Локальные active_runtime и split_bundles исключены из cloud archive/signature и защищены от удаления cloud rsync --delete.",При необходимости выбрать пункт 2 и проверить eMMC-комплект на физическом устройстве; возврат к проверенному USB runtime выполняется пунктом 1.,2026-07-14
84,2026-07-14-111839-previous-working,"полный комплект, не активен",Предыдущая рабочая версия 2026-07-13-1046,"Добавлен отдельный полный совместимый bundle из последней отличающейся рабочей firmware-копии backups/bmi30_firmware_20260714_111839.tar.gz. Код core/engine/GUI/portal взят из проверенного архива 111839; текущие device-local настройки, калибровка, player recordings и usb_vendor сохранены из защищенного USB runtime до импорта с eMMC. Комплект добавлен только в список версий, не активирован, текущая USB-версия сохранена.",host/bmi30_split_bundles/2026-07-14-111839-previous-working/project/host/BMI30.001.py.2026-07-13-1046,host/bmi30_split_bundles/2026-07-14-111839-previous-working/project/host/BMI30.200.py.2026-07-13-1046,host/bmi30_split_bundles/2026-07-14-111839-previous-working/project/host/BMI30.GUI.001.py,host/bmi30_split_bundles/2026-07-14-111839-previous-working/project/hotspot_info_server.py,websplit 2026-07-13-1046; режимы 5/6/7; sync master/slave; optic reaction; sound/LED; player,SHA256SUMS: PASS; switch --validate: PASS; python3 -m py_compile core/engine/GUI/portal: PASS; меню показывает комплект пунктом 2; активным остался 2026-07-14-1605-usb-current-runtime.,"Это не восстановление и не замена текущего runtime. Cloud latest не перезаписан. Firmware archive не содержит всех device-local настроек, поэтому локальные настройки и записи взяты из saved USB runtime; происхождение зафиксировано в manifest.env.",При необходимости выбрать пункт 2 через меню версий и проверить функции; для возврата выбрать пункт 1.,2026-07-14
85,2026-07-14-1605-emmc-active-runtime,"полный комплект с eMMC, не активен",Активная последняя рабочая версия eMMC добавлена на USB,"С eMMC скопирована только активная проектная websplit-версия из ее host/bmi30_split_active_version.env, а не весь rootfs и не весь каталог Documents. Источник: core/engine 2026-07-06-1051, фактически обновленные 2026-07-10; вместе с ними сохранены соответствующие GUI, portal, проектный и системный BMI30 config, installed fallback config, bmi30_sel.json, DC calibration, полный usb_vendor и player recordings. Комплект хранится отдельно и не перезаписывает текущую USB-версию. Переключатель разворачивает весь набор в staging/runtime, проверяет контрольные суммы и синтаксис, устанавливает соответствующий portal/config и перезапускает core и portal; при ошибке предусмотрен возврат предыдущего полного комплекта.",host/bmi30_split_bundles/2026-07-14-1605-emmc-active-runtime/project/host/BMI30.001.py.2026-07-06-1051,host/bmi30_split_bundles/2026-07-14-1605-emmc-active-runtime/project/host/BMI30.200.py.2026-07-06-1051,host/bmi30_split_bundles/2026-07-14-1605-emmc-active-runtime/project/host/BMI30.GUI.001.py,host/bmi30_split_bundles/2026-07-14-1605-emmc-active-runtime/project/hotspot_info_server.py,"все режимы, которые поддерживает eMMC 2026-07-06-1051; mode 7 player; portal; USB Vendor; DC/optic/sound settings","SHA256SUMS: PASS; python3 -m py_compile core/engine/GUI/portal/usb_stream: PASS; JSON project/system config: PASS; switch --validate: PASS; полный activation smoke-test: core и portal active, API connected=true mode=6, portal HTTP 200, новых warning/error после исправления пути engine нет; размер комплекта 34 MiB. Исходный active env и provenance сохранены в metadata.","Импортирован именно активный eMMC runtime, а не самый большой по имени экспериментальный core. Физический запуск этого комплекта на USB еще не выполнялся, поэтому аппаратное поведение USB/STM32, sound/LED и portal нужно подтвердить после выбора. Возврат выполняется выбором пункта 1.","Выбрать пункт 2 в меню, проверить API connected/mode, portal build/config, USB Vendor readback, звук/LED и режим 7; после проверки вернуть пункт 1 либо оставить подтвержденный комплект активным.",2026-07-14
86,2026-07-13-1046,"архивный core-only, выбор заблокирован",Активная версия со slave gate по датчику мастера,"Активная нейтральная пара websplit остается item 1 и сохраняет ранее завершенные исправления Tx200, web-режима 0 и режима 7. Добавлена требуемая локальная логика slave: master только распространяет состояние своего оптического датчика по RS485, а engine каждого slave самостоятельно разрешает или запрещает собственные звук и внешний LED. При включенной галочке slave использует только master-optic bit 0x0080 из свежего STAT flags_runtime; локальный и any-optic биты не открывают затвор. Master для своей индикации использует локальный bit 0x0020. При выключенной галочке оптика не влияет на индикацию; настройка сохраняется. При неизвестной роли, пропавшем или устаревшем STAT включенная защита fail-closed. Затвор применен к запуску, удержанию и повторному запуску звука, а также к локальным detection-паттернам LED; прямой RS485-команды на включение Raspberry Pi sound/LED нет. Исправлен разбор Bulk STAT: firmware v4 имеет 95 байт, v5 — 136; прежние фиксированные 136 байт поглощали начало следующего EVT1/ADC и создавали ложные sync/LED состояния. Core API показывает роль, источник решения, master/local/any bits, разрешение LED и фактическую активность звукового выхода. Завершенное состояние сохранено парным снимком 2026-07-13-1046-slave-master-optic-gate.",host/BMI30.001.py.2026-07-13-1046,host/BMI30.200.py.2026-07-13-1046,host/BMI30.GUI.001.py,hotspot_info_server.py,websplit detection modes 6/7; sync master/slave; optic reaction; локальный sound и внешний LED; Bulk STAT v4/v5; все прежние Tx200/reconnect/shutdown сценарии,"python3 -m py_compile active core/engine и usb_stream — PASS. Модульный transport test: Bulk STAT v4 разобран как 95 байт и следующий EVT1 не поглощен; slave gate при flags 0x0059 закрыт, при 0x01D9 открыт, при выключенной галочке bypass — PASS. После restart API: connected=true, mode=6, role=S02, source=slave_stat_master_bit. Live-трасса 14:05–14:06 при моделировании датчика мастера: flags 0x0059 -> 0x01D9, master=true, gate=true; при локальном detector hold slave сам выставлял LED pattern 8 и sound.output_active=true, затем сам возвращал LED 0 и sound=false. При master=false локальные detector hold не включали звук и оставляли commanded LED=0. Fault log после исправления содержит только ожидаемые host-команды 08/00; прежняя лавина случайных 00/04/05/0A исчезла.","Общий host/usb_vendor/usb_stream.py не входит в парное имя snapshot и должен поставляться вместе с core/engine. Проверка выполнена на текущем slave S02 с firmware STAT v4; расширенные sync-поля читаются только из полного v5/EP0, а базовые flags_runtime безопасно читаются из v4. Затвор специально использует master bit, а не any-optic: оптический датчик другого slave не должен разрешать индикацию этого узла. Live-трасса подтверждает программное состояние sound и команды LED; визуальную/акустическую проверку исполнительных цепей следует повторить на каждом физическом приборе.","На каждом slave проверить полный физический цикл: master optic OFF + локальное detector event не дает sound/LED; master optic ON + локальное event дает sound/LED; снять галочку и подтвердить, что оптика больше не блокирует локальную индикацию. При публикации release обязательно включить общий usb_stream.py.",2026-07-13
87,2026-07-13-1046-slave-master-optic-gate,"архивный core-only, выбор заблокирован",Slave локально включает sound/LED по master optic gate,"Завершенный снимок переноса недостающей optic-group логики в актуальную detector/Tx200 базу без отката на экспериментальную версию 2026-07-09. Master только передает состояние датчика; каждый slave принимает локальное решение из свежего flags_runtime master bit 0x0080 и управляет собственными Raspberry Pi sound и внешним LED. Галочка сохраняется: enabled включает role-aware fail-closed gate, disabled полностью убирает влияние оптики. Gate охватывает звук, detector hold/retry и локальные LED detection patterns. Одновременно transport научен различать Bulk STAT v4=95 и v5=136 байт, поэтому следующий EVT1/ADC больше не принимается за хвост STAT и не генерирует ложные соседние события/LED-паттерны. Core status расширен диагностикой optic gate и sound.output_active.",host/BMI30.001.py.2026-07-13-1046-slave-master-optic-gate,host/BMI30.200.py.2026-07-13-1046-slave-master-optic-gate,host/BMI30.GUI.001.py,hotspot_info_server.py,websplit detection modes 6/7; sync master/slave; optic reaction; локальный sound/LED; Bulk STAT v4/v5,"py_compile core/engine/usb_stream; модульный тест границы STAT v4 и EVT1; unit gate 0x0059/0x01D9/checkbox-off. Live S02 mode 6: master transition открыл gate, локальные hold дали commanded LED=8 и sound.output_active=true; после hold или master OFF получены LED=0 и sound=false. При master OFF зарегистрированные локальные hold не включили выходы. После parser fix fault log больше не содержит лавину случайных 04/05/0A host-команд.","Snapshot core указывает на matching suffixed engine. Общий host/usb_vendor/usb_stream.py является обязательной частью release, хотя не копируется парным именем. Проверен один текущий slave S02; master bit намеренно имеет приоритет над any-optic. Portal/GUI не менялись.",Повторить физическую визуально-акустическую проверку и checkbox-off test на остальных slave; затем включить snapshot и общий usb_stream.py в единый release.,2026-07-13
88,2026-07-13-1046-tx200-host-stability,"архивный core-only, выбор заблокирован",Устойчивая передача Tx200 и безопасное выключение host,"Исправлена причина самопроизвольного пропадания передачи от host. Раньше активный engine посылал Tx200 до START, хотя STOP_STREAM сбрасывает tx_request; reconnect и смена режима могли оставить streaming=1 при TX=0. Одновременно кнопка ошибочно посылала legacy 0x1E, фактически CALIB_DC_FAST; readback подтверждал только наличие любого STAT; active engine игнорировал сохраненный tim2_enabled; API мог дважды запускать toggle; SIGTERM от systemctl stop завершал process без гарантированного STOP. Теперь transport хранит per-device desired_tx_enabled и после каждого своего START последней командой посылает 0x33; engine делает тот же контракт после START, проверяет оба TX-бита STAT, разрешает только один повтор и сериализует START/STOP/toggle; OFF также явно восстанавливается после START; настройка сохраняется; core при остановке для копирования/reboot сначала выключает TX и поток, затем освобождает USB. Обновлен README_VENDOR_HOST.md. Web-кнопка 0 исправлена как client-only stop: polling/отрисовка текущей страницы прекращаются без API-команды, acquisition, серверный режим и TX продолжаются, а reload возвращает предыдущий режим. Режим 7 больше не закрывает USB и использует рабочую AVG/detect ветку с восстановлением TX после START.",host/BMI30.001.py.2026-07-13-1046-tx200-host-stability,host/BMI30.200.py.2026-07-13-1046-tx200-host-stability,host/BMI30.GUI.001.py,hotspot_info_server.py,Tx200 во всех режимах 1..7; initial connect; recovery; reconnect; Stop/Start; mode/profile switch; service shutdown; system copy/reboot,"Компиляция core, engine и usb_stream без ошибок; mock USBStream desired=0 дал 20,33 00, desired=1 дал 20,33 01; mock ScopeWindow подтвердил тот же порядок и STAT readback для обоих состояний; persistence test загрузил false, сохранил true и сохранил посторонние JSON-ключи; grep подтвердил отсутствие вызовов _send_tim2_enable в runtime TX-путях; source invariant проверил shutdown TX=0 -> STOP -> close; live journal подтвердил SIGTERM, cmd 0x33, STOP 0x21, новый START 0x20 -> 0x33 без 0x1E; fault log подтвердил after_start desired=1 result=ok, API показал physical flags_runtime=0x0059 и tim2 applied=true. Static web mode-0 acceptance подтвердил локальный stopWebDisplay и отсутствие cmd/fetch до return; reload читает сохраненный server mode. Web TX OFF/ON подтверждены physical flags_runtime 0x0049/0x0059. Live mode 7 сохранил connected=true, живые frames и physical TX 0x0059; после теста возвращен mode 3.","Общий host/usb_vendor/usb_stream.py не копируется по парным именам и должен поставляться вместе с этим snapshot/release. Live-проверка выполняется через тот же device handle; на установке доступен один текущий Vendor stream. Полный acceptance по документации требует проверки каждого из четырех приборов и COM OPTIC. Неуправляемый power cut/SIGKILL остается device-side риском. Кнопка web-режима 0 не меняет даже выбранный режим core: она останавливает только текущую страницу, а reload возвращает предыдущий режим. Graceful service stop по-прежнему выключает TX до освобождения USB.","Проверить на каждом устройстве streaming/tx_req/tx200 сразу и через 5 секунд, HOST_RX_CLEAR, OFF/ON, Stop/Start и reconnect; при необходимости добавить firmware lease только для нештатного обрыва host.",2026-07-13
89,2026-07-10-1629-dc-config-v2-readback-cloud-docs,"архивный core-only, выбор заблокирован",DC-компенсация по SET_DC_CONFIG v2 и проверка readback,"Исправлено управление DC-компенсацией по контракту README_VENDOR_HOST.md: host больше не посылает запрещенный SET_DC_CONFIG v1 и старые значения 900/60/5. Канонический порядок веб-портала: Work, Acquisition, Detection; порядок USB v2: work, detection, acquisition, pre, post. Значения по умолчанию 5/500/10000 секунд, stage_flags=PRE_APPLY|PRE_LEARN (0x0030), pre/post=0. Удален несуществующий таймер Start: режим Acquisition/BOOT_FAST действует до следующей команды режима. После SET выполняется немедленный GET_DC_CONFIG и точная проверка параметров; DC guard сравнивает правильный профиль и больше не перезаписывает конфигурацию каждые 10 секунд. Старые локальные ключи портала мигрируют в новую схему без перестановки Acquisition и Detection. Облачный release теперь включает каталог docs и документационные файлы проекта. host/README_VENDOR_HOST.md и host/HOST_RPI.md объявлены обязательными: публикация проверяет их наличие внутри tar.gz, manifest хранит пути и SHA-256, а установщик schema v5 проверяет их после rsync.",host/BMI30.001.py.2026-07-10-1629-dc-config-v2-readback-cloud-docs,host/BMI30.200.py.2026-07-10-1629-dc-config-v2-readback-cloud-docs,host/BMI30.GUI.001.py,hotspot_info_server.py,Work; Acquisition/BOOT_FAST; Detection; все websplit-режимы; portal DC settings,"python3 -m py_compile для usb_stream, core, engine и portal; exact payload v2: version=2 mode=WORK flags=0x0030 work=5000ms detection=10000000ms acquisition=500000ms pre=0 post=0; тест миграции старой схемы и HTML без поля Start; live-переключение Acquisition -> Work -> Acquisition; общий cloud release опубликован и force-update установлен; STM32 readback: mode=BOOT_FAST, work=5s, acquisition=500s, detection=10000s, pre/post=0, flags=53; после полного цикла guard last_ok=true, mismatches=[], fix_count=0; bash -n cloud scripts; контрольный tar содержит 46 файлов docs и обязательные README_VENDOR_HOST.md/HOST_RPI.md; байты этих двух файлов в скачанном архиве совпадают с установленными файлами и SHA-256 manifest; core и portal active.","DCCF.version в текущей прошивке устройства остается 1 как версия структуры ответа даже после корректного SET v2; это не ошибка. Проверяются mode, stage flags, work/detection/acquisition/pre/post и active_settle. Локальные DC-настройки сохраняются на устройстве и не заменяются облачным firmware release. Начиная с release schema v5 документация обновляется вместе с проектом; обязательные host/README_VENDOR_HOST.md и host/HOST_RPI.md защищены hash-проверкой.","На остальных устройствах установить latest release из облачного указателя, затем сравнить Firmware Build и Portal hash; при необходимости сохранить DC 5/500/10000, подтверждением служит успешный readback без ошибки.",2026-07-13
90,2026-07-10-1525-firmware-release-integrity,"архивный core-only, выбор заблокирован","Release manifest, проверка portal build и ограничение журналов","Новая нейтральная websplit-пара создана из реально активной 2026-07-06-1051. Добавлен единый host/bmi30_firmware_release.env с точным временем каждого выпуска и SHA-256 активных core/engine/GUI/portal. Портал показывает время общего release и хеш работающей страницы, а /api/status возвращает эти данные без кэша. Облачный установщик сверяет manifest с active env, проверяет все component hashes и побайтное совпадение установленной runtime-копии портала. Имена firmware-архивов больше не содержат serial устройства. Для fault log добавлена ротация 16 MiB плюс две копии; локальные firmware/pre-update/incoming архивы ограничены по количеству.",host/BMI30.001.py.2026-07-10-1525-firmware-release-integrity,host/BMI30.200.py.2026-07-10-1525-firmware-release-integrity,host/BMI30.GUI.001.py,hotspot_info_server.py,все websplit-режимы; portal; cloud update; fault diagnostics,"python3 -m py_compile для новой пары и portal; bash -n для release/update scripts; финальный bmi30_firmware_20260710_153524.tar.gz опубликован и force-update применен с проверкой manifest; core и portal services active; /api/status вернул firmware 2026-07-10-153524, Cache-Control no-store и portal_matches_release=true; expected/runtime Portal SHA-256 совпали.","Detector взят из подтвержденной активной пары 2026-07-06-1051; экспериментальные 2026-07-08/09 не подмешаны. Firmware version меняется при каждом опубликованном release, даже если websplit core остался тем же.",Использовать активную 2026-07-10-1629; этот снимок оставлен как точка отката до исправления DC-компенсации.,2026-07-10
91,2026-07-09-1134,"архивный core-only, выбор заблокирован","Sync auto role, LCD status и optic indication refinements","Промежуточная парная версия после optic-group работы 8 июля. По сравнению с 2026-07-08-1425 добавлены чтение роли Mxx/Sxx из LCD status, auto sync role и node_id для slave, пассивная DC verify по умолчанию, расширенные поля optic indication и корректировки подавления внешнего звука/LED при закрытом optic gate.",host/BMI30.001.py.2026-07-09-1134,host/BMI30.200.py.2026-07-09-1134,host/BMI30.GUI.001.py,hotspot_info_server.py,sync master/slave/auto; optic gate; sound/LED; DC verify,"Diff относительно 2026-07-08: core +111/-13, engine +677/-107; файлы присутствуют парой и core указывает на matching engine.","Версия лежит в меню, но не была выбрана активной при создании общего firmware release 2026-07-10.",Проверять отдельно перед переносом sync/optic изменений в активную detector-базу.,2026-07-10
92,2026-07-08-1425-optic-group-identity,"архивный core-only, выбор заблокирован",Optic gate по identity группы,"Добавлена групповая логика optic gate: сохранение настройки optic reaction, чтение локального и master optic state из event/STAT/RS485 cache, определение master node identity, fail-open/stale handling и расширенная диагностика indication gate через core status.",host/BMI30.001.py.2026-07-08-1425-optic-group-identity,host/BMI30.200.py.2026-07-08-1425-optic-group-identity,host/BMI30.GUI.001.py,hotspot_info_server.py,group sync; optic reaction; sound/LED indication,"Diff относительно 2026-07-06: core +49/-1, engine +624/-23; нейтральная и topic-копии 2026-07-08 побайтно совпадают.",Суффикс описывает завершенную работу. Версия не выбрана активной для release 2026-07-10.,Проверить поведение с несколькими node_id и устаревшим RS485 cache.,2026-07-10
93,2026-07-06-1051-unified-cloud-firmware,"архивный core-only, выбор заблокирован",Единая облачная прошивка и автоматическое обновление,"Завершенный снимок прежней активной пары перед созданием 2026-07-10-1525. В проекте заменена логика облачной синхронизации: один общий firmware release для всех устройств без master/slave-различий; активный bmi30_split_active_version.env включен в архив; публикация выполняется явно, а автоматический timer только проверяет и устанавливает последний release. Установщик проверяет наличие active core/engine/GUI/portal, обновляет systemd units и runtime-копию портала.",host/BMI30.001.py.2026-07-06-1051-unified-cloud-firmware,host/BMI30.200.py.2026-07-06-1051-unified-cloud-firmware,host/BMI30.GUI.001.py,hotspot_info_server.py,все websplit-режимы; cloud firmware update,Shell-скрипты прошли bash -n; локальный и облачный архивы были созданы; SHA-256 проверен; force-update применен на текущем устройстве; core и portal services успешно перезапущены.,Алгоритм detector в этой завершенной паре не менялся относительно 2026-07-06-1051. Снимок фиксирует проектную точку перехода на одну прошивку; локальная identity устройств остается вне firmware release.,Использовать новую нейтральную пару 2026-07-10-1525 и проверять общий release timestamp в портале на всех устройствах.,2026-07-10
94,2026-07-04-1913,"архивный core-only, выбор заблокирован",Экспериментальный офлайн-режим 7 в player,"Сохраненный снимок состояния перед созданием активной копии 2026-07-06-1051. По сравнению с 2026-07-04-1446-google-sheets-version-journal добавлен экспериментальный офлайн-анализ режима 7: расчет для каждой антенны по even/odd паре, подбор shift как в режиме 6, кривые sum/product/energy, варианты score SUM_POWER/PRODUCT_POS/PRODUCT_ABS/COMBINED/BIPOLAR_GUIDED/BIPOLAR_PAIR/BIPOLAR_P2P/BIPOLAR_ENERGY, robust noise floor и метаданные bipolar peak/mid/gap/p2p. GUI player умеет выбирать режим 7 в playback, показывать V7 sum/product/energy вместо обычных кривых и выводить V7 readout. Нужен как точка отката и как исходник для новой активной копии.",host/BMI30.001.py.2026-07-04-1913,host/BMI30.200.py.2026-07-04-1913,host/BMI30.GUI.001.py,hotspot_info_server.py,6 baseline; 7 experimental offline/player; 8 план,"Проверен diff core/engine относительно 2026-07-04-1446: core +113/-7, engine +454. В этой операции снимок сохранен копированием в 2026-07-06-1051; live-сервис не перезапускался.","Режим 7 пока экспериментальный и работает в player/offline-представлении; live-детектор режима 6 не должен быть изменен этим снимком. Настройки V7 читаются из BMI30_MODE7_ENERGY_RADIUS, BMI30_MODE7_DC_MODE и BMI30_MODE7_SCORE_KIND.","Сравнить метрики V7 на записи Casino_02, подобрать score/DC/radius и только после этого решать перенос в live или совместный режим 8.",2026-07-06
95,2026-07-04-1446-google-sheets-version-journal,"архивный core-only, выбор заблокирован",Журнал версий в Google Sheets,"Завершенный снимок состояния 2026-07-04 14:46 после организации учета версий. Сделано: создан Apps Script для обновления Google Sheet BMI30 Versions через защищенный токен; создан локальный CSV-журнал docs/BMI30_version_registry_google_sheet.csv; создан скрипт синхронизации utilities/sync_bmi30_version_registry.py; добавлен локальный env-файл секрета secrets/bmi30_sheets.env и защита через .gitignore; таблица переведена на русские заголовки и русские описания; заполнены все текущие websplit-версии из меню, legacy-строка и тестовая запись player_raw_20260703_182716_Casino_02; добавлен режим replace в Apps Script для полной перезаписи таблицы; добавлено правило, что при создании новой версии нужно подробно записывать предыдущую версию в журнал и синхронизировать Google Sheet. Алгоритмы BMI30 runtime в этой версии не менялись.",host/BMI30.001.py.2026-07-04-1446-google-sheets-version-journal,host/BMI30.200.py.2026-07-04-1446-google-sheets-version-journal,host/BMI30.GUI.001.py,hotspot_info_server.py,документация; учет версий; sync; runtime modes не менялись,Google Sheet успешно заполнялась через python3 utilities/sync_bmi30_version_registry.py --replace; GET Apps Script отвечал ok; POST с токеном работал; таблица получила 15 строк до создания этой новой базовой версии.,"Дополнительно во время настройки был очищен большой host/bmi30_faults.log, который занимал несколько гигабайт и мешал работе диска. Секретный токен не записывать в документы и не показывать в ответах.",Использовать как точку отката для состояния до начала кодовых изменений режима 7/8 и как пример подробного описания версии.,2026-07-04
96,2026-07-03-1010,"архивный core-only, выбор заблокирован",Предыдущая нейтральная websplit-версия,Предыдущий парный снимок core+engine. Точная завершенная тема в имени не записана; использовать как ближайший rollback перед текущей серией 2026-07-04.,host/BMI30.001.py.2026-07-03-1010,host/BMI30.200.py.2026-07-03-1010,host/BMI30.GUI.001.py,hotspot_info_server.py,websplit detector/player,не указано,"Файл есть в текущем меню, но точное описание работы не зафиксировано в имени.","Если версия понадобится, уточнить отличия diff-ом с 2026-07-04.",2026-07-04
97,2026-07-02-1051-sound-barkhausen-tune,"архивный core-only, выбор заблокирован",Настройка звука и Barkhausen,"Снимок после работ по звуку и Barkhausen-фильтрации/детекции. Нужен как точка возврата, если сломается звук, индикация срабатывания или поведение режима 6 вокруг Barkhausen-настроек.",host/BMI30.001.py.2026-07-02-1051-sound-barkhausen-tune,host/BMI30.200.py.2026-07-02-1051-sound-barkhausen-tune,host/BMI30.GUI.001.py,hotspot_info_server.py,режим 6; звук; Barkhausen,не указано,Суффикс описывает уже выполненную работу.,Держать как rollback для звука и Barkhausen.,2026-07-04
98,2026-06-30-1320,"архивный core-only, выбор заблокирован",Нейтральный снимок после 64-bit baseline,"Core-снимок после периода 64-bit detector baseline. По git рядом были работы с channel-specific weak tag labels и player weak-hold, но этот core все еще подключает engine от 2026-06-29 dc-adapt-state-machine.",host/BMI30.001.py.2026-06-30-1320,host/BMI30.200.py.2026-06-29-1138-dc-adapt-state-machine,host/BMI30.GUI.001.py,hotspot_info_server.py,player/detector; weak labels; DC-adapt engine,не указано,Core и engine не одной даты: DEFAULT_ENGINE_FILE указывает на engine 2026-06-29.,"Использовать осторожно, понимая что engine старше core.",2026-07-04
99,2026-06-29-1138-dc-adapt-state-machine,"архивный core-only, выбор заблокирован",DC adaptation state machine,"Снимок после работ по машине состояний DC-адаптации. Полезен для сравнения запуска, прогрева, стабилизации DC и порогов детектора.",host/BMI30.001.py.2026-06-29-1138-dc-adapt-state-machine,host/BMI30.200.py.2026-06-29-1138-dc-adapt-state-machine,host/BMI30.GUI.001.py,hotspot_info_server.py,режимы 5/6; DC adaptation; detector startup,не указано,Хорошая точка возврата для поведения DC adaptation до более поздних работ со звуком и player.,Использовать при проверке регрессий DC/startup/threshold settle.,2026-07-04
100,2026-06-28-1457-casino-live-base,"архивный core-only, выбор заблокирован",Casino live base,"Подтвержденная базовая casino live версия. Нужна как опорная точка для сравнения live-детектора, если текущий режим 6 ведет себя хуже.",host/BMI30.001.py.2026-06-28-1457-casino-live-base,host/BMI30.200.py.2026-06-28-1457-casino-live-base,host/BMI30.GUI.001.py,hotspot_info_server.py,режим 6; casino live detector,player_raw_20260703_182716_Casino*.npz можно сравнивать вручную,Есть git tag: bmi30-casino-live-base-2026-06-28.,Держать как базовый casino rollback.,2026-07-04
101,2026-06-26-1015,"архивный core-only, выбор заблокирован",64-bit detector baseline period,Core-снимок из периода 64-bit detector baseline. Использует engine 2026-06-25-websplit-reset-fix. Нужен как историческая база перед casino/DC-adapt снимками.,host/BMI30.001.py.2026-06-26-1015,host/BMI30.200.py.2026-06-25-websplit-reset-fix,host/BMI30.GUI.001.py,hotspot_info_server.py,websplit detector; reset-fix engine,не указано,Core и engine намеренно не одной даты.,Исторический baseline перед casino/DC-adapt.,2026-07-04
102,2026-06-25-1015,"архивный core-only, выбор заблокирован",Переход на websplit-reset-fix engine,"Первый снимок в меню, который подключает engine 2026-06-25-websplit-reset-fix. Использовать как точку сравнения вокруг reset-fix перехода.",host/BMI30.001.py.2026-06-25-1015,host/BMI30.200.py.2026-06-25-websplit-reset-fix,host/BMI30.GUI.001.py,hotspot_info_server.py,websplit core; reset-fix engine,не указано,В имени core нет topic-суффикса; смысл восстановлен по DEFAULT_ENGINE_FILE.,Хранить как reset-fix reference.,2026-07-04
103,2026-06-24-1405,"архивный core-only, выбор заблокирован","До reset-fix, realtime-prevbuf engine",Промежуточный websplit core до переключения на reset-fix engine. Все еще использует старый realtime-prevbuf engine от 2026-06-08.,host/BMI30.001.py.2026-06-24-1405,host/BMI30.200.py.2026-06-08-realtime-prevbuf,host/BMI30.GUI.001.py,hotspot_info_server.py,websplit core; realtime prevbuf detector,не указано,Точная завершенная тема не записана в имени.,Историческое сравнение до reset-fix.,2026-07-04
104,2026-06-22-1102,"архивный core-only, выбор заблокирован",Промежуточный websplit core,Промежуточная точка меню split-системы. Использует engine 2026-06-08-realtime-prevbuf.,host/BMI30.001.py.2026-06-22-1102,host/BMI30.200.py.2026-06-08-realtime-prevbuf,host/BMI30.GUI.001.py,hotspot_info_server.py,websplit core; realtime prevbuf detector,не указано,По локальному diff этот core совпадает с 2026-06-19-today; оставлен как датированная точка выбора.,Хранить как историческую точку меню.,2026-07-04
105,2026-06-19-today,"архивный core-only, выбор заблокирован",Ранний websplit core,Ранний снимок core после работ над меню версий. Использует engine 2026-06-08-realtime-prevbuf.,host/BMI30.001.py.2026-06-19-today,host/BMI30.200.py.2026-06-08-realtime-prevbuf,host/BMI30.GUI.001.py,hotspot_info_server.py,websplit core; realtime prevbuf detector,не указано,Git history: Update BMI30 split version list. Topic-суффикса нет.,Ранний websplit reference.,2026-07-04
106,2026-06-18-today,"архивный core-only, выбор заблокирован",Самая ранняя today-точка,Ранний снимок состояния меню core-версий. Использует engine 2026-06-08-realtime-prevbuf.,host/BMI30.001.py.2026-06-18-today,host/BMI30.200.py.2026-06-08-realtime-prevbuf,host/BMI30.GUI.001.py,hotspot_info_server.py,websplit/core menu; realtime prevbuf detector,не указано,По локальному diff совпадает с 2026-06-17-yesterday.,Исторический baseline меню.,2026-07-04
107,2026-06-17-yesterday,"архивный core-only, выбор заблокирован",Старейшая websplit rollback-точка,"Самый старый core, который сейчас виден в меню split-версий. Использует engine 2026-06-08-realtime-prevbuf.",host/BMI30.001.py.2026-06-17-yesterday,host/BMI30.200.py.2026-06-08-realtime-prevbuf,host/BMI30.GUI.001.py,hotspot_info_server.py,websplit/core menu; realtime prevbuf detector,не указано,"Старейшая точка отката, которую сейчас показывает switch_bmi30_split_versions.sh.",Хранить как самый старый websplit rollback.,2026-07-04
108,legacy 2026-05-24-work,legacy standalone,Старый монолитный GUI,"Legacy standalone BMI30 GUI файл из AGENTS.md. Не использовать для websplit-работ, если пользователь явно не попросил legacy систему.",host/BMI30.200.py.2026-05-24-work,,,,legacy only,не указано,Не смешивать с websplit core/engine. Это отдельная старая ветка работы.,Использовать только по явной просьбе про legacy.,2026-07-04
109,player_raw_20260703_182716_Casino_02,тестовая запись,Две антенны и одна метка,Главная запись для планируемого режима 7 и 8. Внутри NPZ есть user_labels_json. Файл побайтно совпадает с _01.npz.,,,,,режим 6 baseline; режим 7 offline; режим 8 offline,host/player_recordings/player_raw_20260703_182716_Casino_02.npz,"1162 пакета, 339 marks, 615 ranges, 4 deleted_ranges. Записано в mode 6, stream_mode 2, avg_n 24.",Использовать для baseline режима 6 и сравнения score режима 7/8.,2026-07-04
110,cloud-recovery-20260714-162920,проверенная облачная recovery-копия,Полный проект и оба совместимых комплекта можно восстановить на другом Raspberry Pi,"Создан отдельный disaster-recovery архив только проекта BMI30: исходники, документация, переключатель, оба полных bundle со связанными core/engine/GUI/portal, usb_vendor, player recordings и сохраненными проектными/системными настройками. Архив загружен отдельно от обычного firmware latest в gdrive:recovery; указатель bmi30_project_recovery_latest.env содержит точное имя, размер и SHA-256. Добавлены сценарии создания, облачной проверки и безопасного восстановления с предварительной копией существующего проекта, без rsync --delete и с необязательной активацией сохраненного полного комплекта.",host/bmi30_split_bundles/2026-07-14-1605-usb-current-runtime/project/host/BMI30.001.py.2026-07-06-1051-unified-cloud-firmware; host/bmi30_split_bundles/2026-07-14-1605-emmc-active-runtime/project/host/BMI30.001.py.2026-07-06-1051,парные engine внутри обоих bundle,GUI внутри каждого bundle,Portal внутри каждого bundle,полное восстановление websplit-проекта и списка совместимых версий,"Архив bmi30_project_recovery_20260714_162920.tar.gz, 71903545 bytes; локальный SHA-256 a0274c65c52f119cf2678406fcaa8c9a78b624c277f3e2b529242c0c9e51297e; remote SHA sidecar совпал; remote MD5 afb86bd8f4e1be9cce81af7a589f9ce7 совпал; restore --verify-only: общий SHA, безопасные пути, внутренние SHA всех файлов и switch --validate PASS.","Recovery намеренно не содержит .git, venv, системные пакеты, device identity, rclone credentials и secrets. На новом Raspberry Pi сначала нужны базовая ОС, зависимости и доступ к облаку. Обычный firmware latest не изменен. Для запуска аппаратной версии после восстановления требуется явный --activate saved или конкретный bundle ID.","Скачать архив, sidecar и latest marker из gdrive:recovery; проверить utilities/restore_bmi30_recovery_archive.sh ARCHIVE --verify-only; затем применить sudo ... --apply --activate saved --yes.",2026-07-14
